source_id,ra,dec,parallax,phot_g_mean_mag,bp_rp
4552679872225868032,266.8637626724167,20.3115539769986,0.002010610396761911,20.587587,1.5131626
4552679872228793984,266.85782325423224,20.311190281060412,0.8441322669196278,14.825098,0.88360214
4552679872230041984,266.8588152383007,20.319528135628357,-0.2832060266239165,20.488237,0.3060093
4552679902291691136,266.82137549725826,20.29540015150623,-0.048048781219001246,19.927917,1.424633
4552679902291692928,266.8133887264079,20.29949722067543,-0.1592746483946745,20.905117,0.9501991
4552679902291694080,266.8157878988178,20.300050357649628,0.3832728926600805,18.662981,1.1857014
4552679906588544640,266.8094293417136,20.296813081762124,0.37544104497575737,20.205635,2.0149403
4552679936651431680,266.82594970474537,20.299659509009576,0.5652137701099386,18.033354,1.2153225
4552679940945386112,266.82517407388184,20.30549658095141,2.7572747117089498,20.945757,0.22547722
4552679940945999744,266.8166574081877,20.302832259085367,-0.30295222127094934,20.607615,1.8565598
4552679940946000640,266.81910398169555,20.305762699285467,-0.41139715011073225,20.873596,0.8493862
4552679940948277120,266.82799151455947,20.299472634116093,0.5053793844387772,20.332733,0.76379967
4552679971011171456,266.8024559995652,20.30181185760858,0.2946466286048822,19.190664,0.8815727
6029365048342822912,255.32005250424717,-30.149552244561892,-0.7640334585924037,19.381645,1.5153217
4554701977195417216,260.16959495907054,19.781635709801456,0.3676890736176606,16.090738,0.95819473
4554701977195420800,260.16267627107663,19.78267790430852,1.3347595338700262,20.255142,2.211872
4554701977195421696,260.16885985106194,19.790477863617465,2.5249405585249987,12.143224,0.7191534
4554701977195423104,260.16341359810093,19.78968895564343,0.235817104980589,18.258785,1.0325184
4554701977196753024,260.1734869542106,19.791325953494255,2.13217233314177,19.759417,2.250248
4554701977196753152,260.17108064077166,19.789491084764453,0.4754784859961244,20.211967,0.479805
4554702011547130624,260.1794258256057,19.800566109912335,-0.3069616573870846,20.71043,1.2374935
4554701839756450176,260.2115374919823,19.786144515647834,0.9075425761881498,19.102358,2.1852093
4554701839757794816,260.20931523379033,19.792665178452093,-0.017309749618419357,19.390903,0.9523468
4554701869814020352,260.2265439593008,19.796385329057674,1.1567737402452976,19.712997,2.4072075
4554701874116186880,260.2199925441486,19.79010653879288,0.3210884991664229,16.712624,0.8572159
4554701874117532928,260.21589722475323,19.79510432350414,0.5204973639046065,20.56905,1.5074234
4554701904173723392,260.1840526240088,19.774416218113373,1.0615091726042705,20.801105,0.8573265
4554701908467895168,260.17244604178296,19.779788663535328,2.9991297982474237,20.7972,1.4774246
4554701908475934592,260.18143202320306,19.77763563899224,0.3347362707460394,17.398193,0.86471176
4554701908475940096,260.174597258259,19.784585996169252,0.10303220689692749,17.915752,0.84008217
4554701908477477120,260.17716127487796,19.770014429278664,-0.7713933347237599,20.608936,1.508995
4554701942829725056,260.1880769155615,19.782559690055642,0.43819867199193835,20.643932,1.3418064
4554701972893218048,260.1617386699022,19.78488977870316,0.6585018931589808,19.262243,1.8157749
6029341443076389888,255.23994550091612,-30.487550761046045,0.29358891989985303,19.88239,1.2718601
6029341443076396032,255.2363544154634,-30.48937708221269,0.8601335517387941,19.60117,1.5048199
6029341443076397440,255.23726623229754,-30.487803288536842,0.10067511961949621,19.604322,1.3988228
6029341443076407168,255.23597772298945,-30.48866845858425,0.20266644186824193,18.821209,1.4993782
6029341443076408320,255.2385326244387,-30.486708233437025,1.4570072582692983,19.953773,1.3201694
4553118061978997376,267.3021496621754,21.690297650955014,0.8274160292744742,15.491131,0.8847933
6029341443076408704,255.23080016594847,-30.492163105934374,0.8303777368828912,18.386969,1.2738419
4553118061978997504,267.3011472010624,21.68960368370327,0.8028808981894594,15.931296,1.0431881
4553118061979185280,267.29795570342935,21.686890120101545,0.2394084269211475,17.758278,0.82798195
6029341443076409344,255.2325586387593,-30.49083396469064,0.0995566778860963,18.400137,1.4081326
6029397793086847744,255.52217083216,-29.906095811535476,-1.6928656855504742,20.206938,0.9418144
4552022329911191168,265.95985656538767,18.405095217992223,-1.5062965653250475,20.688025,0.8220501
4552022329916500736,265.964329818061,18.40442051980033,0.562753759524681,17.53936,1.1934395
4552022359977172864,265.97712676786125,18.415851541753955,0.014033022388372108,20.008698,1.3913612
4552022359977175040,265.968418360111,18.416277563207114,0.24471244251813695,18.737473,0.80604553
4552022359977176832,265.97460808686276,18.418164596578826,0.10566679866570154,17.848537,0.81503105
4552022359980567936,265.97366960264645,18.418067367161097,0.16578510393964338,19.28513,1.0622063
4552022359982445568,265.9786204902089,18.411727753001998,2.3155754101523107,20.68371,2.2503376
4552022364275531904,265.97120774495795,18.417235309773712,0.355812703733114,17.148956,0.7489376
4552022394336875264,265.9293881127414,18.391755614421385,1.4309429639648403,18.781275,2.1536236
4552022394336881024,265.9395965161615,18.395490116736017,1.1812130515628503,18.206572,2.1013908
4552022394336895488,265.9343060335217,18.404877827579863,0.4060673862428588,18.4246,1.1638832
389907576493155200,10.464054623434324,46.774788627480696,0.014289114942958259,20.668165,1.6664734
389907580788299520,10.461587316406566,46.77695986510831,0.19027948775587358,20.49588,1.2869473
389907610852438400,10.473660640229419,46.792418622525766,0.009853617561439543,18.315487,0.81715584
389907610852894080,10.47322487039592,46.78404164508678,1.9694663421873762,20.079596,2.5744953
389907615146748288,10.469634284486446,46.783066863271166,0.7174475950104193,20.12626,1.8213539
389907645212168704,10.438340568954388,46.78731417703158,0.4600937561153745,18.455938,1.2435398
389907645214106112,10.44643092835337,46.78866957140259,0.43982539713223945,19.425114,1.8742733
389907649509093760,10.444131898560563,46.78861809293022,1.4110735526910936,16.705063,1.6154585
389907649510020736,10.43121375486269,46.8017245235338,-0.30905285122264176,20.230442,1.2485332
389907679571925504,10.443978269088783,46.79895162789303,0.32904827985701846,18.005127,1.2168388
389907679571940992,10.441681584150858,46.80944898748792,0.5087439335626905,18.54541,1.7071304
389907683866213632,10.442958506564375,46.79916936125118,0.11718984919952191,19.93975,0.6064892
389907683867508864,10.435884309802677,46.81444808074757,1.8062515653652729,20.734158,2.1261845
389907683867512192,10.446951332709483,46.79694044790018,1.0350594443676364,20.499754,1.6621265
4551518272552850176,268.83696749013296,19.033094213069173,3.7942258717540573,20.73959,1.4074516
4551518272555252224,268.83441259720865,19.01914307870544,0.023218618651455268,17.012718,1.2231598
4551518272555252352,268.84087243423966,19.025098308423935,0.8004982220813899,19.732315,1.9432278
4551518302615474688,268.8384663176713,19.03503804054739,0.3334573733533402,19.106623,1.0214214
4551518306911548800,268.83934191429626,19.03528327619496,-1.3173919676061687,20.42138,1.1374321
4551518336975219456,268.82078159235556,19.039055862509656,-0.3276779732414389,20.27313,0.8842602
4551518336975220096,268.8287137501512,19.039276168807056,0.30350871493646225,20.312643,1.1069012
4551518336975230976,268.82421314426256,19.045695584811785,0.026370777894778073,19.14898,1.7178688
4551518336975772160,268.8266294786146,19.033327699253665,0.35703996533920035,20.178438,1.7475872
4551518341271295744,268.8192419926303,19.033507380147874,-0.7874337004832358,20.1831,0.7456455
4551518341274733824,268.81853844600107,19.034224322898694,-0.31498575975914794,20.280165,0.9662037
389907713931552000,10.407485666336925,46.72716218808591,0.2365544433589391,18.877968,1.1478615
4551518371334963328,268.8307538772771,19.04180196004307,0.2608090886267455,17.686258,1.1122704
6029382159400904832,255.82640561633835,-30.002702246920183,-0.507353445104805,20.094917,1.3425999
6029382159409441280,255.83148057719964,-30.00375596203019,3.414466779506317,20.688223,1.0509548
6029382159409442176,255.82601991805026,-30.006626049482694,0.4256753261955366,20.647415,1.3078594
389907713931553664,10.40313657337409,46.72797134421634,0.4025461748779151,16.955467,1.0932808
389907718225989888,10.39374803735009,46.731555915617704,-0.1630645269073511,19.971727,1.0234165
389907718227249920,10.40641327004714,46.72760449051915,1.2057075336739653,20.5628,1.1128559
4553984232317329280,262.31863745884397,18.903992388810615,0.1691551842899378,20.010773,1.3562489
4553984236612224768,262.3258719059866,18.89501028327023,0.8087128176562176,20.68072,1.3926373
4553984236615106688,262.3224790874735,18.891464610648296,0.2524267619569191,17.660624,1.0468731
4553984266677066368,262.30473528220034,18.90029172352169,0.3041545429228943,19.533686,0.8629265
4553984270971984512,262.2960824694474,18.8919374435938,0.09925959767393489,19.46895,1.0368195
4551518371334965248,268.82819578712923,19.04322540972731,0.22073930428732713,18.769466,1.1029816
4551518371334978816,268.83350610381456,19.05123473953553,0.21435043057646105,19.201674,1.8844299
4553984270974850560,262.2959300914812,18.891271032080468,-0.19199345060385128,19.438324,0.6631565
4551518371335516160,268.84023702275107,19.051101929576173,1.3374509410502353,20.248543,1.964468
4554702011555156224,260.18599054815354,19.798001823726864,0.5390393604336119,16.222801,0.9182844
4553984270974852608,262.3002342234998,18.90486482737596,0.22248813769097456,13.813441,1.1811533
6029382159462201472,255.83040060163847,-30.018461030690023,0.15768786128556922,17.682076,1.3969822
4554702011555522816,260.1707187373552,19.79977366271394,0.707545756383915,17.670841,1.2397594
6029420573601831808,255.04713639926354,-29.976968642936026,0.5774662661202405,19.251846,1.3278008
6029420573601842560,255.0479440457449,-29.97601839050519,0.3523852562583165,16.024181,1.5411129
6029420573601845376,255.04088382300375,-29.98080577893992,0.17349444677080053,20.154667,1.1671085
6029420573601858560,255.0401836800315,-29.980510982059716,0.09905020318970238,18.871614,1.5453758
6029420573601865600,255.0459520819836,-29.97601150190616,-0.00916858783752722,19.69555,1.1463146
4552680005371021312,266.81483195087395,20.320985875382288,0.8411773116531697,20.162476,1.8556824
4552680009664878208,266.82003018621447,20.312695085495715,0.1646887747521395,20.70787,1.4356136
6029420573601870464,255.04899907094546,-29.97355797637522,0.7216151645115788,19.165201,1.236824
389907718228583680,10.393055128373621,46.73279491656281,0.291957276193799,16.234533,0.86055756
4552680009664898688,266.81626855114496,20.32115495156108,0.7152162885301725,20.84026,1.3244057
6029420573601877760,255.04075115484977,-29.97887684027355,0.3559913169935887,19.281408,1.3697243
4552679494271720960,266.75504971267833,20.31614280481867,0.43371359218542654,18.10365,1.1467781
4552679494271725440,266.7418581469034,20.31224188833367,0.6196269759075452,14.485674,0.8700447
4552679494272931072,266.74297870997634,20.312138212618898,0.0211387836777564,20.123934,0.7029724
4552679524334580992,266.7579626136571,20.31939054837357,0.685355105860844,18.480196,1.9039822
4552679528630110848,266.7545415064753,20.327676518950966,1.2605661475537362,20.60255,1.2886505
4552679558694318976,266.74033003459846,20.318970764307824,0.8403940592988463,18.628117,1.8457222
4552679558694319872,266.7347120516759,20.32062156545816,0.14767436473577938,18.764496,0.7407322
4552679558694321408,266.73176249550227,20.323219631176592,0.07313843019890753,18.1417,1.0376892
4552679558694321536,266.74352453475495,20.324283739740494,0.9791423022965247,18.579645,2.4150505
4552679558694322560,266.73274220161363,20.325875887979798,0.3390349747885158,17.385345,1.066988
4552679558694323328,266.7435088641245,20.327971919446604,0.8396178358357421,18.503157,2.0671806
4552679562988382976,266.7453167182591,20.32429898307628,0.24446652864630303,20.103283,1.4808025
4552679562989846400,266.73358403344395,20.321733413973817,-0.16961544292688235,20.420923,1.6205368
4553118061979185408,267.2996904836969,21.691326396870444,0.9118881392757848,20.515524,2.0447807
4553118061979185664,267.293794425716,21.692456392834448,0.3213655842596138,19.671576,1.4256992
4553118096331438592,267.3080812382467,21.695798915045415,-0.26702437466620293,20.902683,1.1203423
4553118096338737280,267.3091693295316,21.699841111753486,0.1405775331588111,18.1153,0.8373165
4553118126394236160,267.2795425030242,21.700480805094116,0.4154191513110237,18.60856,1.7107105
4553118126394240384,267.29212539459405,21.707363652442304,-0.14404424911646274,18.612894,0.7799244
4553118130689273728,267.2860978444912,21.705075722434156,0.49325739637161536,20.550558,1.6625576
4553118130698485888,267.28876391240533,21.704372716755,0.5785488507813785,16.966547,1.0733624
4553118130698489984,267.2825684296594,21.708173879547072,0.25131252381194646,17.709915,1.1986485
4553118130699080960,267.2818052199637,21.702670146737493,0.24255185746160524,19.214235,1.1895313
4553118160753979008,267.30338462314074,21.708586697751986,-0.2657406302328502,20.53463,0.4787979
4553118165058227712,267.2928447905907,21.715603493310095,0.10328322746126901,18.95401,0.98384285
4553118195113716096,267.3213153021684,21.70629696441481,-0.13393687111605734,19.20387,0.9467468
4552680009668998912,266.8191878437187,20.31718223477829,0.1418334312202681,19.229061,1.0655689
4552022428696630400,265.94547111367075,18.403261865912835,0.6177340909011518,18.40003,1.1854458
4552680039730651648,266.8360852850489,20.309076351169914,-0.12768158298094798,19.44826,1.0613499
4552022428696636800,265.93907729622237,18.406925267241522,-0.07284652158714362,18.19809,1.0656166
4552680039730654080,266.83225088569884,20.314589361026933,1.098768887932967,20.110497,0.8588829
4552022428696637056,265.9483684957129,18.40713204544446,0.4432358269492884,19.206764,0.94654083
4552022428696637568,265.9523817231513,18.407590584440737,0.28744322214303475,19.926079,1.2331467
4552680044024594560,266.8367342356217,20.311736220201777,0.8046930165128904,20.295868,0.84049034
4552680044027496576,266.8332072466843,20.314188630904464,3.259067390746106,19.57864,2.8952675
4552022428696640128,265.9451300733186,18.40897516761586,0.1541062033900329,18.533669,0.93932533
4552680074090393728,266.84435826142436,20.318313580173434,7.30634569573442,17.82543,3.2952194
4552022432990425728,265.9503327633659,18.41060161172491,-0.09448394256939624,20.34181,1.2017174
4552680074090395520,266.84591682999053,20.32064396754306,0.38520271007985407,17.824173,0.8493366
6029365048342834560,255.31014301103315,-30.14974861046365,-4.848581679475176,19.36262,1.6033897
6029365048342836224,255.30614080009326,-30.151666249364105,0.13028932221877926,19.563915,1.832037
6029397793086854656,255.5159417614768,-29.908201025288847,0.5301313714098382,18.484144,1.2561111
6029397793086856192,255.52806658242844,-29.90332721927914,0.6374546652106845,19.827812,1.3465099
6029365048342841216,255.308803056917,-30.142577354217522,-0.5467699971173972,18.421452,1.6074944
6029365078288064384,255.31408256721335,-30.14028468900333,-0.4902236497931132,17.418865,1.7671986
6029365078288066304,255.3156989381633,-30.1436874135474,0.07280362669730836,16.910303,1.4024954
4552022432995010432,265.95039830037945,18.403120764301516,0.33733419528475533,17.003426,0.88873863
4552022463056367744,265.9263579058348,18.403155716793272,0.6828831513748274,19.90331,1.7873363
4552022467354761984,265.91762744624623,18.403121978147347,0.763479426897864,16.239857,1.0683775
4552022467356919424,265.9187984319401,18.411244446176724,-0.010389933853785588,19.64603,1.2708702
4552022497416121984,265.93479576373926,18.41327116591929,0.22176989598633645,19.125658,1.230856
4552022497416123776,265.9394179675733,18.414450293419772,-0.28689458901954745,20.18272,2.500311
4552022497416128640,265.93593981655386,18.417474965148898,-0.8732206979583755,18.730228,1.0861378
4552022497419428352,265.93378484333687,18.415609025046102,0.44077538950521816,20.886116,1.481472
4552022501714497664,265.94126036327253,18.416873360801123,0.1491342265327862,20.190521,1.2401733
4552022501714500480,265.932184796329,18.416130229469704,-0.003459633764077043,18.306797,0.8983841
4551518375634471936,268.8329988621974,19.046124330129814,0.5830162217939259,16.496393,0.992753
4552022501714500736,265.9290663118243,18.414450199218003,0.1791985811163246,18.008476,1.0207329
4552680074090397952,266.84372378321206,20.327379115344204,-0.14463569122294018,19.52202,0.98615265
4552680078387233664,266.84537446935434,20.322256996358817,0.8274848449562596,17.032206,1.4464493
4552680078387234816,266.8484123549416,20.3275151381604,0.2520371561447241,18.310198,0.94496727
4552680078387236352,266.83936536784756,20.322547234704253,2.172053522855553,13.207877,0.87002945
4552680108450131456,266.8257564733679,20.315881056310968,0.059496129223522154,18.197845,0.92440987
4552680108450135680,266.8259010493209,20.326455503704228,0.35326309715989185,20.431967,0.82255936
4552680112744116736,266.82523491204813,20.33072564226604,-0.0762827098651421,20.768557,1.4506569
4552680142809873920,266.8382601708829,20.326747174975093,0.8578066318544879,19.96886,1.930275
4552680142809876608,266.83884973372705,20.331552823660896,0.1400052683362384,19.92532,0.9748306
4552680142809878272,266.83479663715036,20.33425603752446,-0.4372126411257652,20.599531,1.0125408
6029382159462203648,255.8276588044074,-30.018540651263976,0.07102025409644303,17.49953,1.6648521
6029365078288069376,255.31787233292116,-30.144263986462867,0.7140234719858263,16.614103,1.8506384
6029365078288069760,255.31814402320148,-30.146557915361374,0.18993069007526628,17.776646,1.7788639
6029365078288070400,255.3184121512959,-30.141818697561092,0.15759850588592014,15.564527,1.9627657
6029365078288070912,255.31915136905562,-30.137987220506243,0.4731035977079839,17.284695,1.937439
6029365078288071296,255.31924790152297,-30.145417778010337,0.13173403942667658,14.494825,2.0957718
6029420573601879168,255.04791441921694,-29.973705180196834,-0.5421926411240224,19.866163,1.1673012
6029365078288073088,255.32053525275836,-30.135040941640877,0.117316628091026,12.490305,2.9077187
6029420573601879424,255.05019224580622,-29.97206128379125,0.14662504368986248,19.392338,1.4253197
6029365078288073216,255.32059972965047,-30.140642142235798,0.09797779485001576,16.75528,1.8421173
6029420573601880064,255.04646949869613,-29.97462970494843,-1.0473333854986984,18.484125,1.0627785
6029365078288073472,255.32068700748096,-30.131145156433266,0.030741531763533232,15.153807,2.088935
6029420573601885696,255.04902306250247,-29.972496314191098,0.16156696430586048,19.19436,1.3847542
6029420573601900928,255.04987950117533,-29.97102215570647,0.015120933155157577,19.264513,1.5317726
6029365078288073728,255.32082308734675,-30.146040900592713,0.12477041404039028,16.225147,1.4875383
6029397793086864000,255.52048387017956,-29.906030336102695,0.20594537191873058,19.853342,1.3237972
4553984270974853760,262.2917218857632,18.9011790808487,0.26609229996130124,17.626,0.8508892
4553984301036806912,262.31693838951213,18.90631204206703,0.35402978080608183,18.512583,0.93577003
4553984301036807296,262.3058649641686,18.908595112265367,2.4325177631169392,19.072271,2.7845268
4553984301036807936,262.31510446877803,18.91038990295768,0.05139256004707722,19.403187,0.9544182
4553984335396545152,262.3366882546961,18.90581197664155,1.2118413485905195,19.915668,2.0235748
6029397793086877696,255.51915301265242,-29.905744278159258,0.2424163608819573,18.993624,1.1996918
4553984369757506304,262.3460559908563,18.914608480094536,0.5655688532787201,20.015905,0.77335167
4553984374054061056,262.3463202756808,18.918231983122975,0.3809148720205568,17.440466,1.101078
6029397793086878592,255.5221029143552,-29.904854431835304,0.2526275048932281,20.645418,0.53670883
4553984374055207680,262.3468680027172,18.913268500884904,0.7885055863439216,19.136835,1.8677673
4553984404116024704,262.31792603371196,18.91526250670301,0.1762518903081684,17.44671,1.0026436
6029341443076415488,255.23521134374175,-30.488279226741817,0.14909757720076205,19.00641,1.7529793
6029341443076427392,255.22962610923787,-30.491229689906824,0.39448626904583306,20.004562,1.924221
6029341443076433280,255.2377586828076,-30.484904801151597,0.5871469366435667,19.691578,1.4998322
6029341443076434816,255.23199024092904,-30.488809086625764,0.20091380104753429,19.833517,1.2388039
6029341443076437888,255.23876956645108,-30.483506250719433,0.14435579767608597,18.94514,1.0041866
6029341443076440960,255.23759241042427,-30.48399932121273,0.985550615121468,19.799011,1.2365417
6029341443076454400,255.23207077839967,-30.48576206096355,3.2362963024812177,19.964317,1.3548832
6029341443076456192,255.23985179055043,-30.480908465965626,0.43529915516247,19.520248,2.1341114
6029341443076456320,255.23035992627047,-30.487511291874984,-1.0191029899951216,19.767385,1.2300396
6029341443076456832,255.22963117125715,-30.487182704090017,-0.325894277634116,19.774977,1.32411
6029341443076466304,255.22802252501842,-30.48873604147731,-0.4477110885266876,20.4046,1.3884029
4554702045906833664,260.20070779771504,19.79705095730009,0.8102451848532368,20.371113,1.9493465
4554702045914886400,260.2036839385246,19.795540705754334,0.07639489409942823,18.306677,0.87410545
4554702045914887808,260.2017625675636,19.795988648078527,-0.6732863494597557,19.795086,0.6868458
4554702075972459392,260.20708180990283,19.801612147977536,0.5616080647792382,18.87894,1.7901459
4554702075972471936,260.2086029780193,19.80955304429364,-0.48990136574302645,20.468842,0.5955715
4554702080274623360,260.2124976334386,19.800129120015566,0.22800667510513867,17.403496,0.8460903
4554702080274624128,260.2132685698842,19.80312993649621,2.7572758762361467,16.476328,2.1513395
4554702080274631168,260.20359791906964,19.808518498050358,0.576685397738348,15.858987,0.81937504
4554702114634374016,260.1928489835545,19.809684417878863,1.0644330463240204,13.997749,0.7651577
4554702114634377344,260.1896369662018,19.816315694485994,0.7887837325312607,16.426424,1.1772633
4554702114635707520,260.181750846073,19.80615770037181,0.18522732351979804,19.801577,1.2259846
4554702144691957248,260.1955711215049,19.81451224584709,0.31133150465729664,18.365234,1.4185886
4552680147103856128,266.82968050258023,20.334899827856784,0.08352528423064923,19.955181,1.0615005
4552680147106721536,266.8396887245103,20.340344899382114,0.18459246011978997,16.799252,1.1255074
4552680147106722176,266.83089382965676,20.33473712747955,0.22859053893023024,16.709188,0.8797016
4552680177169607296,266.87060772961655,20.314312257295363,0.1843111701661994,18.638165,0.8309574
4552680177169607424,266.882125480357,20.31500003743101,0.4833813460409132,20.00341,1.2298698
4552680181466435328,266.87612839485075,20.31848309445833,0.6615412184715304,14.61226,0.87555885
4552680211529350016,266.8846805755578,20.324349408182005,-2.04660407442369,20.79991,1.2096729
4552680211529351808,266.88762372005164,20.329077113558988,0.3797657498831772,18.62145,1.25
4552680211529353600,266.8898649899423,20.332630013198397,0.27650318632240817,19.443161,1.6449738
4552680215823883136,266.89379531526197,20.318038596754946,0.9894593671357097,20.725376,1.6931324
4552680215823884544,266.8968030338966,20.328048249237682,0.7076714156701833,20.81587,1.3130894
4552680215823885696,266.89239001383766,20.32938855662475,0.1437240576038271,20.326866,1.3189354
4553118783524433920,267.235635019847,21.723428042908623,0.2804118022674988,20.047937,1.0926819
6029382159462205440,255.82885289633887,-30.016362516201678,-0.11710111653664676,19.234137,1.488039
6029382159462208896,255.83039265306076,-30.013389616698372,-1.4051297898345285,19.611883,1.3141289
6029382159462209664,255.82801481214221,-30.015152788415087,0.3130063242115553,14.178459,1.7632923
6029382159462210816,255.82438223843508,-30.017111487609732,0.233110371519815,18.404137,1.1300621
6029382159462212096,255.83133329965824,-30.01069974865108,1.508345571036328,19.831266,1.3947353
6029382159462212992,255.82335290922953,-30.01605839921564,-1.9291359373068262,19.661953,1.637991
6029382159462216960,255.82913085304858,-30.00937241653313,-0.07309177127219554,19.59546,0.98316574
6029382159462218496,255.8326372959485,-30.006267298780262,0.3747576492695603,16.175823,1.5189295
6029382159462222976,255.83057742945218,-30.004239934497242,1.2593914125930392,20.325354,1.5695953
4552022501714502784,265.9294125088512,18.41865838359209,0.5026638871682809,20.280725,0.81425285
4552022531775861760,265.9598642137478,18.413516967002504,0.41790507140733224,17.677742,1.0518646
4552022531775869184,265.9542670739942,18.41987788075915,-0.20034290329807664,20.83333,0.950634
4552022531775898752,265.9513743319803,18.41313614775747,1.641704494387048,19.871315,2.2552547
4552022531779214336,265.9536997041033,18.41683555379954,0.6381559354263412,18.988073,1.1873531
4552022536074229888,265.9516195568618,18.411582342835295,0.30074487162172153,17.269218,0.9058914
4552022536074931200,265.9533495434108,18.416224577186227,0.7918690228214547,15.915603,0.97563934
4552022566134354048,265.9691007129228,18.429993463295123,-0.03915708920508672,19.337223,1.1051826
4552022566135623552,265.9648735770172,18.42810438483057,0.8236329273386341,19.32376,1.6193333
4552022566138980352,265.9652032786552,18.41997996868955,0.1885061828393609,19.611485,0.92477226
4552022570433963392,265.9675999083709,18.4170940829291,-0.09457416893823953,19.987747,0.88824654
4552022570433966208,265.9659730385328,18.42068599966077,0.19297247693101327,17.979206,0.9711342
4552022570433968768,265.963666538505,18.42290946289922,0.0531844981653161,19.890038,1.1724186
4551518375634472960,268.8365016153678,19.053777596837786,0.6715283639881806,14.029517,1.1053867
4551518375634473344,268.82771746295987,19.049102021956642,0.2934752892728808,17.226938,0.9094734
4551518375634533760,268.835554348091,19.039896178386098,-1.5266388463861635,20.845203,1.0764275
4551518375636585856,268.83697875532476,19.046538558390203,1.3395287223851278,20.322027,1.2875538
4551518375636585984,268.8289818248771,19.046741907690436,1.1404433312309687,20.354906,2.1641426
4551518375636586624,268.83133536289,19.051487906241128,1.018594169314961,19.575092,1.9896908
4551518405694700416,268.8578014295881,19.041631001024314,-1.5441423609202314,20.814741,0.67684746
4551518405694707072,268.8496438091827,19.045345026132384,0.28638813865773116,18.634962,1.1590748
4551518440054455424,268.8673558710957,19.051152747863185,0.5165573814951016,17.809553,1.0431461
4551518440054472192,268.869598735875,19.059769771541305,0.5207510134482364,18.467825,1.4158611
4551518440054473216,268.86298053864385,19.06037421953552,0.2865603401953609,17.314444,0.8647251
4551518440058256000,268.8671051833746,19.060433561219707,1.462934056151686,20.175995,2.053131
4551518444352172544,268.87576632493085,19.054558256685343,-1.4647281004485126,20.625908,1.7097435
4551518444353944832,268.8732916332159,19.058499525377687,0.3742053992572256,16.653244,0.9943657
6029420573601905536,255.04368150537354,-29.974946586284773,-0.5756106666631854,19.367378,1.3407345
6029420573601907072,255.04706818823715,-29.97250100638743,0.6407795985369005,19.145763,1.1778526
6029420573601912064,255.04885470912188,-29.970962738806328,0.5257239004496184,18.127686,1.2774124
6029420573601929216,255.04362438968525,-29.973515598723345,0.3305823053584938,19.49901,1.4536991
6029420573608726784,255.05108270103173,-29.985761233431433,-1.1441553917025398,19.769167,1.7096233
6029420573608734208,255.04842853734752,-29.986218391263517,0.12122870928361035,19.799902,1.2759056
6029420573608745088,255.05689058300365,-29.97774082232083,0.5817473807339104,20.022093,1.3134747
6029420573608759424,255.04908911066502,-29.980077802234863,-3.0608455196740927,20.125439,0.9749603
6029420573608780288,255.04424223671722,-29.979015774699242,0.571895366320499,20.022104,2.394104
6029365078288074240,255.3209713856093,-30.138861452122033,0.15287992659303423,13.535767,2.2483063
6029365078288075520,255.32179751712485,-30.132602476735865,0.13069137836775427,14.803723,1.93332
6029365078288075776,255.32215410478162,-30.136908418132585,0.08847525953653353,15.428554,1.9385805
6029365078288077184,255.32292215138992,-30.14536853217389,0.6979877439879484,16.854088,1.9075356
6029365078288077696,255.32322797634976,-30.132867448978043,1.8440742653867035,17.196085,1.830574
6029365078288077952,255.32351967315105,-30.137860536827855,0.14124570566002928,16.60981,1.8394585
6029365078288079744,255.32480330565699,-30.133823577999593,0.5703525511564316,16.005407,1.9010382
6029365078288080256,255.32518081914506,-30.14754331552628,0.08545208679262857,16.07962,1.921215
6029365078288082944,255.32713128446542,-30.13661895261333,0.022411373001660864,17.047579,1.8035622
6029365078288084864,255.3282861376405,-30.137157939406087,0.44357156701704964,16.200981,1.8228903
6029365078288091008,255.33292287704202,-30.139961839776316,0.18087854055706648,15.22407,1.9299736
6029365082593410048,255.32254798662004,-30.15048832601244,-0.0026002725957165115,19.097158,1.7037315
4553118199408680576,267.31958812525255,21.704814695909185,0.005685848543524136,20.031765,2.0522804
4553118229473463040,267.32652911753877,21.72184559569752,0.21457657201084712,18.88895,0.9715061
4553118229473463936,267.3243674936249,21.723643998756174,0.15388247351600107,19.546247,0.98625565
4553118233768423040,267.3350998982439,21.719849316399554,1.5978652782687468,20.794468,2.0558186
4553118233768450560,267.33078047402483,21.72687871783495,0.809904879007958,18.327427,1.8434582
4553118233769523968,267.32973521853415,21.724537537190066,-1.808274764951839,20.69969,1.8972626
4553118233770413440,267.331323731416,21.71746685719253,-1.1872766745650503,20.894566,1.3654747
4553118233777693184,267.33202518444324,21.725704891767688,0.9514764968722378,16.064404,0.9109497
4553118268130835200,267.3007814315203,21.721126057117143,3.3605106099476805,20.94482,1.6865597
4553118268137436544,267.3129009125033,21.719365975861447,0.9353204865909366,19.225307,1.136055
4553118268137437184,267.311436841895,21.718932349775628,0.2988342159751391,17.768995,1.0071373
4553118268137440512,267.30600273582684,21.722709483280447,0.6650303731791317,17.191227,1.2017593
4553118268138035072,267.30057663318263,21.722981702158865,0.6531076686075241,18.84786,1.7963581
4552680215826167296,266.8914956247901,20.32016404168578,0.2914189129976595,17.818558,1.0731277
4552680215826169728,266.88940129715206,20.32367872938501,0.23428807506202007,15.607415,0.6521778
4552680245889086592,266.87237153377816,20.320656263533472,0.5101850347876362,19.035347,1.4374943
4552680245889086976,266.869784926663,20.322128601382452,0.4691108126919174,19.973505,1.2126083
4552680245889087872,266.8721519003296,20.323450710366686,-0.06922820599843696,19.121025,1.0994225
4552680245889088128,266.86937888901576,20.323991740760317,-0.2558857612552167,19.797724,1.1921387
4552680245889090944,266.8718189402792,20.330289912321216,0.2857068037114672,19.827005,1.246975
4552680250182988928,266.8711456363677,20.316440222092968,3.955538317217949,19.839315,2.6873894
4552680250185918720,266.864421392021,20.32344037565922,0.46884090334268536,16.011581,0.9562321
4552680250186107904,266.8761960391272,20.32368389202329,0.042498453425557206,18.395565,0.8502426
4552680280248829696,266.8821917205003,20.331151244490282,0.1591379604400169,19.382015,1.034235
4552680284542731008,266.88800538296255,20.333414178031877,0.03357639559964931,19.632296,1.9529247
4552680284542741760,266.885076813911,20.338302239410737,0.9400458181274084,20.030819,1.7051811
4552680284545651840,266.88766281938496,20.331444726850805,1.3611419534408977,20.538649,0.7047157
6029382159462226816,255.8179986346654,-30.011162992877438,0.2090582894616575,16.04897,1.9033852
6029382159462366720,255.82488950633072,-30.018743590318387,-4.269741122487998,20.211609,1.5621185
6029382159462367872,255.82653763369078,-30.016265396766443,1.8986736746830666,20.20674,1.2474899
6029382159462372224,255.82066305084936,-30.010689971544494,-0.8153758640542568,20.115536,1.0131378
6029382159490332800,255.82537280815913,-30.018200593619348,3.901636558245629,19.431742,1.4148617
6029382189432120448,255.83525226165165,-30.00276423083315,0.055562690003809305,18.049555,1.483841
6029382189432144768,255.8328163155293,-30.00035409955287,0.2711922573134087,17.805508,1.3573551
6029382189432158080,255.83911414641068,-29.999611603305368,-0.1291767630946994,16.4796,1.5040312
6029382189432161024,255.84296542634414,-29.999791266587614,0.06429500608223045,19.366285,1.4784641
6029382189432164224,255.83412745291645,-29.998137388320337,0.24959126297635006,17.651546,1.38381
4552022600495347456,265.94131884410496,18.42037586890412,-0.4344251593782518,20.701471,1.0123234
4552022604793710208,265.9458068507156,18.4167978097167,0.8603880061482005,18.170782,1.9842911
4552022604793715072,265.9399476335764,18.422189096499313,0.18346422398427464,17.640661,0.93328476
4552022604793716608,265.93841002764515,18.423450954419792,0.8444069749079328,20.125366,1.8685169
4552022604793719296,265.944972268454,18.434218625240447,0.39636403337932014,17.5165,1.1617393
4552022604794407808,265.9476968071354,18.41930865013917,0.3704384840634452,16.553211,0.8896904
4552022634853832192,265.9518990593103,18.432628770748387,0.2008653670868003,19.837267,1.311779
4552022634858443520,265.95954355496355,18.43769713399913,0.18357471519921417,17.686083,1.041563
4552022639153450368,265.96532219684923,18.436382548622436,0.27746531516932726,12.886469,1.3833485
4552022639153452544,265.96024160018834,18.43757399897619,1.1711234064274674,16.058691,1.189475
4552022639153456000,265.95852324324477,18.443416888029454,0.19831217260920653,17.728312,0.72693825
4552022639153457408,265.94884921686975,18.437141055773314,0.4486427162297052,17.137194,0.92474556
6029365082593414400,255.32484818782913,-30.14827512314738,0.054081070825948915,16.015856,1.9072475
6029365082593421568,255.3266033701934,-30.146335595324917,-0.45492058172854677,18.088945,1.8842678
6029365082593429760,255.32143793508027,-30.149257320414925,-0.7886624815030141,19.075718,2.499054
6029365082593431680,255.32380242203718,-30.14730629582243,-2.060992175252819,18.598202,1.678051
6029365082593432320,255.32978958795556,-30.142965359536454,0.6440196079301261,19.03548,1.7021236
6029365082593434880,255.3313946296293,-30.141561485707854,0.54607972609409,18.207981,1.7694149
6029420573608812160,255.04634245793113,-29.969068365941393,-0.15056828362215371,19.646624,1.2800064
6029420573615379968,255.04693153994822,-29.988564409851268,-4.402737042039778,20.402245,0.9644718
6029420573615403008,255.0481850236303,-29.98432340176502,-0.10955365404131515,20.147804,1.0339699
6029420573615406848,255.04934604107106,-29.98284713407155,1.0700820430209164,20.345247,1.3880787
6029420573615409408,255.04446575224085,-29.98476492113154,0.7882925416740556,20.443832,1.6088295
6029420573615415296,255.05022615042037,-29.981688625196345,0.8932505176885481,20.423906,1.4230728
6029420573615415680,255.04619088523089,-29.98313280559196,0.1992610162492119,20.699347,1.5254326
6029420573615428992,255.04183076687144,-29.982434533490398,-0.7949611174570781,20.188116,1.1061726
4553984408411785856,262.3168540818675,18.91998968792297,0.06610800338764246,20.826998,1.8511353
4553984438475765120,262.33352242205086,18.92128402591378,-0.3723820030664864,19.997845,1.3237553
4553984442773543424,262.32831414110245,18.922956722052614,0.3020434768184553,14.979737,1.0667
4553984472835499008,262.29162883378666,18.90802162642682,0.5628594964558374,19.663477,0.97870064
4553984477130426880,262.28642077740244,18.90089335517556,0.20899067712880304,19.785398,1.2409096
4553984477133284352,262.28739443183093,18.899890694868994,0.21081724089938308,17.21886,0.8437996
4553984477134427136,262.29103600648875,18.91043111201624,-0.1187602382423354,19.820675,1.3161392
4553984507195238528,262.298482659615,18.910300306573042,-0.4907397196145905,17.803156,0.92835045
4553984507195238912,262.3028215622299,18.91284941149389,0.5000535522313688,19.179293,1.3602428
4553984507195239296,262.2928682861127,18.91400790584749,-0.31038696676804367,19.830835,1.4310379
4553984507195240832,262.29352240413994,18.917269480319344,1.5401344346299932,16.971195,1.8608646
4553984511491001856,262.3081241488074,18.917860429272046,-0.8129707262693942,20.732712,1.2660408
4553984541554978432,262.26834145336875,18.916689466833894,-0.1035657722771108,19.456509,1.1122646
4553984541554980096,262.2815492150187,18.920225455864696,1.0989053363658572,17.19603,1.5424881
6029397793086882304,255.52643776645374,-29.90295238866034,0.0011059089945106848,18.562284,1.4434376
6029397793086882944,255.51626626627353,-29.906959335565755,-0.13542882492410874,18.529013,1.2085571
6029397793086888832,255.51476551058255,-29.907336829965686,0.43627988992882927,17.420547,1.2467232
6029397793086895360,255.52247734490615,-29.903851078541734,0.9571158998978071,16.10848,1.186142
6029397793086896256,255.5237559307182,-29.903488466847925,0.18163204613872116,20.130487,1.1461239
6029397793086903936,255.52003877524652,-29.90456409644118,0.2562066892911633,19.142206,1.4234447
6029397793086916096,255.52793209057796,-29.900965042658772,-0.21037398894710393,19.689444,1.3545284
6029397793086917376,255.5228241991801,-29.902935581991734,-0.11616283123521644,19.403065,1.1907558
6029397793086918016,255.5139167159059,-29.9061452242347,-0.01221203491439369,19.58396,1.0465145
4554702148995446016,260.1965519376064,19.82041805645876,-0.004502960326222369,19.472569,0.6932335
4554702183353824256,260.24731282638055,19.797025305914598,0.6585294911657309,16.34965,0.9876251
4554702183353826048,260.2411584441246,19.797901029661077,0.4027721348533167,18.173836,0.9769764
4554702217713942784,260.26036570254007,19.8103050666818,0.13788448484433383,20.611818,0.9137535
4554702247771158656,260.22385231234733,19.806830573956837,1.2434324733831867,20.055122,2.035654
4554702247771162240,260.2316243921424,19.80914803707914,0.37975005747502033,18.986397,1.0594273
4554702282130909696,260.24823187403985,19.815030452822196,0.6741196656430588,19.431314,2.2402115
4554702282130917120,260.2351065107342,19.818174836596963,0.29121006617933753,18.451416,0.8131199
4554702282130918528,260.2411152639948,19.82005903106662,0.43713318186336675,20.822042,0.93496513
6029341443076466432,255.22824715123775,-30.48842189952045,0.5154972041870606,18.559847,1.5062561
6029341443076474752,255.23235569968037,-30.484869244875835,-0.1271758487151855,19.521418,1.468874
6029341443076477568,255.2301962700302,-30.485943180335894,0.11759004431096995,19.373356,1.3415833
6029341443076481024,255.23483108271788,-30.482378484848844,0.5988451194035255,19.976425,1.7137814
6029341443076483584,255.23346164889995,-30.48310653101388,-1.20559049126587,19.207472,1.3229218
6029341443076490752,255.23711288987408,-30.479629334553803,1.5450713755806869,19.99027,1.523468
6029341443076499584,255.23002677519077,-30.483864065859237,0.06386296137984761,18.894915,1.458065
6029341443076501120,255.22553157610045,-30.48692177262701,-0.2707376692029924,20.21234,0.83029747
6029341443076509056,255.22742041908435,-30.485019315934647,-0.7222334912665204,20.167267,1.3469753
6029341443076509184,255.23554920867014,-30.479237223270744,0.6177306947872225,19.724203,1.4360447
6029341443076509312,255.23386492352844,-30.480408291298186,0.17871682596128774,19.314686,1.3314934
4551518444353944960,268.86839363409007,19.05584937090159,0.38396993914389366,19.21894,1.0597706
4551518474414189824,268.84499462136444,19.049231598682333,0.5273957056367289,18.967222,1.0086441
4551518474414213120,268.8476108277699,19.062349940574542,0.37242505754191735,20.203615,0.54777527
4551518478710249344,268.8501448239597,19.060698938441284,2.2095251244842435,19.742208,2.5664043
4551518478713685632,268.8468754104192,19.0484681974754,0.3195662503734479,16.335098,0.79237175
4551518478713686912,268.8514301899194,19.06132767173403,0.5143265787286674,18.485294,1.5735359
4551518508773958144,268.84923992888224,19.065798040414087,0.8377381636087128,19.268108,1.2293491
4551518513069988864,268.8609947738937,19.072795623044904,-1.0565242744258536,20.57907,1.8690186
4551518513069991296,268.85394818071677,19.07150721446993,0.4890653327971998,20.468178,1.5950699
4551518513073425536,268.85641605067036,19.066357238881544,0.5286034769436012,17.32739,1.0696735
4551518513073425920,268.8562836544253,19.067295452860396,0.7477705733134058,18.189768,1.0752487
4551518543133576064,268.9451577241663,18.999018242527193,2.45304231427959,20.651352,0.901741
4552680284546902144,266.8834217800208,20.339656818929583,1.0608043518279695,19.86029,1.935894
4552680314608079232,266.9044814528754,20.339141063690484,1.2657870021591033,20.196577,2.3347988
4552680314608568960,266.9019032326492,20.333120834561832,0.9275378473920031,18.847548,1.812149
4552680318905384320,266.90689539318123,20.33771256046701,4.581344640968759,15.714341,2.3990555
4552680348967342976,266.90666257243646,20.343607738120703,0.4486153615944571,19.374008,1.2601604
4552680348967348608,266.91032563658365,20.347719850907218,0.5593547773743448,19.008568,2.1062908
4552680353262201728,266.9038565375532,20.343906019613502,2.4103138682966625,20.605745,1.7801399
4552680353265127296,266.904023197616,20.34318713000808,0.43848052663653103,16.86836,0.9283829
4552680383328050688,266.88089464333126,20.34469791249511,0.3883965107320386,18.625042,1.454216
4552680417687792896,266.8982705199274,20.35726414733245,0.407114101718208,18.712023,1.081667
4552680421984606720,266.90337147212773,20.348879828876427,0.13315325764397887,17.39328,1.000206
389907885730309248,10.417278121843827,46.76804856711183,0.5164878381650284,19.172928,1.7556515
389907890025938560,10.406480502476205,46.76371718178225,-1.789592503778322,20.567024,1.473074
389907890027266432,10.40475967212143,46.765842176326686,1.286284949407484,16.945768,1.6963787
389907920090038144,10.392184565806295,46.76145415044209,0.3120796043803766,19.633501,1.985117
389907920090057984,10.379257717525796,46.776079302269935,1.0443394335547846,19.46249,1.4611073
389907920092822272,10.39242208831525,46.76238204763009,-0.5121555158968552,20.34725,1.8984222
389907924387002112,10.388302972321876,46.772517517394526,0.12659698353478507,19.627687,1.5256615
389907954449798400,10.394463083710113,46.778054637926694,-0.41307973214987503,20.132053,1.689394
389907954449802368,10.398153297168566,46.77966617199868,0.22515281123945638,17.533869,0.87859154
389907958746739328,10.395674924457614,46.780596405416155,7.841116244976748,16.555445,2.9793253
389907993103874560,10.35766810790164,46.759918504157206,0.7379196612259911,18.989405,1.5997257
389907993103880320,10.368547191250572,46.75162609951415,-0.09509589754438261,18.69047,0.8106041
389907993106481024,10.360522735457698,46.75976593147475,1.0453986469086538,14.553127,0.9624195
389907993106482816,10.367298774768226,46.75232048290658,0.4091832567108484,18.030983,1.3301182
4552022673513163776,266.00330831408246,18.41284260298114,0.583917420072182,15.7220545,0.8316622
4552022673513164672,266.00048840591137,18.413960484552973,1.0011778666417932,14.135381,0.74360275
4552022673513168640,265.9995256394009,18.421701669182696,0.6479754120952679,14.223598,0.8853054
4552022703573308544,266.0138709575696,18.430861681819675,-0.06264710364938558,19.143883,1.1566792
4552022703573309440,266.0105586284893,18.432141723499452,-0.42052029602400237,19.38167,1.2281818
4552022703574565120,266.01610928748255,18.420655918304746,0.17157163203353104,17.695967,0.8953953
4552022703574577664,266.01713723846353,18.427635272187917,-0.3499981287506603,19.267818,0.74902916
4552022703578029184,266.0117270255375,18.431238032957438,1.2163664598154618,20.566528,2.0087528
4552022707872906496,266.0139611592811,18.433287493974344,0.39164350767530726,18.909208,0.87547684
4552022737933046528,265.9879895699468,18.430795183444936,0.12948161462040497,20.415438,0.9353008
4552022737934307200,265.9947405312291,18.422950484315074,1.8879694936699896,18.404999,2.6133518
4552022737934310784,265.9975005839722,18.4253188416581,0.3822772870886642,18.831676,0.876667
6029382189432182016,255.83126727496773,-29.996150216968815,-1.9644836473861842,19.155622,1.4405365
6029382189432187904,255.834161980596,-29.99573663574585,0.3247201779727094,17.884644,1.5393982
6029382189432198016,255.84154814215597,-29.995454425989884,0.10247835022102901,14.235595,2.0761824
6029382189455667840,255.83337747153286,-30.004843588694104,-0.3951364419118892,19.399519,1.2189083
6029382189455683072,255.84153171456106,-29.999981491642476,0.12337961263422374,18.382849,1.1010132
6029382189455685376,255.84425424324516,-29.993789840113916,0.09313776981516828,18.852098,1.3395596
6029382189461601152,255.84064474424548,-30.004965577000892,-0.19557980663508662,18.789875,1.642458
6029382189461601280,255.8409827037948,-30.001569628355355,-0.05818401476359561,19.426716,1.3183899
6029382189461601536,255.8444186817482,-30.002729826194997,1.1639549513336138,19.38954,1.4630127
6029382189461602304,255.84537130069245,-30.001479375373318,-0.021216770873249323,18.824806,1.3700657
6029382189461603840,255.84400756436665,-29.999302112406404,-0.12589638760920685,17.789976,1.6776447
6029382193751410176,255.84064531339942,-30.008460390998554,0.35428876488913225,19.610779,1.3374939
4553118298192949248,267.31957086682485,21.739237014849234,0.18281629598725166,18.101368,0.9595146
4553118298195939328,267.3235822764991,21.736083168395858,1.039546693020224,20.55661,1.7951908
4553118302497178496,267.3218955930132,21.735123851629616,0.5804138654097676,18.859425,1.5013847
4553118302497182720,267.3142700652716,21.73688965411595,1.1887715839481316,16.644136,1.5152578
4553118302497378560,267.3162833256291,21.738881835429034,-0.6713922479169969,20.811207,1.242569
4553118302497774208,267.31419361823345,21.7374926382773,-0.30772639572057703,20.308468,1.0665913
4553118332552639872,267.2256793976596,21.672143982403014,0.03547684035282023,20.140245,2.079092
4553118332552644608,267.2284600554455,21.67608467056794,-0.0662930599996723,19.295328,1.0597858
4553118336847744000,267.22858693545953,21.672238589370927,0.4963773345543482,20.492546,1.7958527
4553118336856925184,267.2307617541045,21.673432823321157,0.548505701568496,18.25998,1.1632137
4553118371207495424,267.23949530778765,21.68676037433548,-0.17540621279944538,19.898518,0.9792099
6029365082593438208,255.32150847138647,-30.148380471228233,2.1293257043207072,18.627808,1.6566849
6029365082593438464,255.3245633402353,-30.145873602199302,0.6092958846512826,19.383652,2.153801
6029365082593438720,255.3270352973838,-30.144402140246545,1.942522747333574,18.512125,1.8867416
6029365082593441152,255.3254024863752,-30.144407349794868,1.242138271572562,18.81295,1.1237755
6029365082593441408,255.3254671155502,-30.145295693081653,0.5697890080987893,18.26422,1.7573376
6029365082593441920,255.32651509015213,-30.144478287652404,0.2541112682293911,17.34715,1.7436924
6029365082593442688,255.33033540991119,-30.14091048735392,-1.1942134881190454,18.500284,1.6710014
6029365082593443712,255.3286558982744,-30.142617304465645,-2.677777386396214,19.404877,1.6751709
6029365082593443840,255.32844651530797,-30.142893272440286,-0.46142479155478827,19.466785,1.7693462
4552680421984606848,266.9064000318251,20.351566215274683,0.283478289700073,19.815485,1.2337704
4552680421984606976,266.9046502948856,20.350951152927347,0.8458263433545412,16.803131,1.3067245
4552680421984608000,266.90579823536984,20.353165870323203,0.32270843195609666,18.086432,0.92251587
4552680421984608384,266.9072269891934,20.35633287023486,0.6761557807056259,17.315218,1.2475433
4552680421984800896,266.9027449635405,20.35669511863578,-5.99501577009884,20.928122,0.61748886
4552680452047521280,266.86082417839856,20.329717483887958,0.1144426245077732,19.042177,1.1887836
4552680456341448064,266.86327528259176,20.32938803941301,0.5017325490994433,20.49729,1.6262283
4552680456344352896,266.8644536409788,20.33233083374599,0.3952165957413055,16.560661,0.8952141
4552680456344354816,266.85399212151594,20.32860835376278,0.0892981200134666,17.837545,1.077858
4552680456344355840,266.8568212963119,20.332447705655607,1.131742112941405,15.995729,1.2697239
4552680486407264384,266.86602045381596,20.34002094861938,0.6914268419925671,19.831524,1.0350723
4552680486407266560,266.869854121073,20.34628931889404,0.30976866253090074,18.471472,1.0992336
4552680486407267584,266.87085440064254,20.35045510998948,-0.32608813701358874,20.744625,0.48529434
4554702282134738176,260.2534765760371,19.81632828163704,0.5527997843140824,17.977661,0.8379154
4554702286433045376,260.2527733082943,19.817409998218217,0.8816740715097529,18.380178,1.9798851
4554702316490651776,260.2595162536199,19.817281876701447,0.30217585833812405,19.528301,1.0843716
4554702320784686848,260.2668687250393,19.819488089698453,0.26764523153165076,20.6626,1.6179886
4554702320792779264,260.26048888233635,19.814508061938426,2.5501937871071068,20.48278,1.735733
4554702320793157120,260.2686361324632,19.811430054612575,1.7084143004282546,20.552639,1.9095154
4554702350850407168,260.27846164714623,19.828590973838082,0.4076777446328053,20.330667,1.4411678
4554702355144424320,260.2720399229368,19.823222276050885,0.009115067891857231,20.718716,1.4817085
4554702355145798400,260.2727345998117,19.823112558628978,14.383452589478798,20.69351,1.8381405
4554702385210155008,260.2558659006801,19.83405549516263,1.3456718090936093,19.42425,1.8782558
4554702389504196480,260.25607499795694,19.8347217189947,0.631263289504294,19.769646,2.432787
4554702389512267648,260.2484743404608,19.82906963154358,-0.02680084983586141,18.943758,0.94125557
389908023169263360,10.362835466847462,46.76951345162209,0.013731564958584856,17.7944,0.9665184
389908027464886400,10.358191438164475,46.76859121985953,3.7466527572985533,20.741117,1.2230377
389908027466216704,10.363873324657648,46.77321641984774,0.3583290419112319,17.0882,1.0263977
389908027466219520,10.366970071938809,46.76063346956606,0.1572189599746021,18.274303,0.9964924
389908057529004160,10.331221209928945,46.77231676358556,-1.7194807647636765,20.453152,1.0527992
389908061826261248,10.343951848814244,46.76070794773196,1.9855732003733857,20.678877,1.5251904
389908091888746112,10.340687234786916,46.7733795052758,0.23755525889277512,17.358858,0.9856434
389908091888749568,10.348863636160619,46.77627697736275,0.41131856423118673,19.770918,1.7895832
389908091888755968,10.342986074343246,46.78146534971845,0.4830336259797829,19.079466,1.5849705
389908091888757632,10.333109192159991,46.78208100388145,1.3189072069634575,18.93274,2.866644
389908096183630208,10.339881197787799,46.775526685085445,-0.022633045235863708,20.369118,2.1175327
389908096184361216,10.348449756091563,46.7726751554353,-0.5911104934145298,20.685884,1.5800056
389908126248495872,10.355380693643108,46.78174159680996,0.48831477331432827,19.10704,1.3834438
6029420573615432704,255.0558904347521,-29.976420735734408,1.3992548981728543,20.422794,1.3294411
6029420573615435264,255.04266306134,-29.980472442631914,0.07695069336054751,20.297857,1.1099472
6029420573615435392,255.04276723891869,-29.980806943389375,0.41501515162695635,20.337244,1.3138065
6029420573615448192,255.0448055723791,-29.977727723892965,2.3443989301349237,20.416615,1.5985508
6029420573615454848,255.05283741984292,-29.973532721839003,2.1375185944715636,20.379566,1.1120224
6029420573615463168,255.04074841368174,-29.97665248646378,-0.4769106155663745,20.331387,1.4750385
6029420573615477632,255.04150843431077,-29.973840045661554,-4.453198847936833,20.268188,1.2890091
4553984545853905664,262.2729397951185,18.915333009561092,0.8193908256832517,20.149479,1.6516476
4553984575914719488,262.2853354976829,18.923220753471924,0.48898844182322326,20.07678,0.9180355
4553984575914719872,262.2817422508022,18.924987779716833,0.16326195609824104,19.66329,1.6131783
4553984575914720128,262.28866143505326,18.92536972312761,0.37182757914289527,17.814352,1.0905399
4553984580209663104,262.29295295258424,18.932809727811748,-0.4000059872116232,19.320047,0.7212753
4553984610274457600,262.30677164884275,18.922804331574714,0.11366826582772721,19.5068,0.9874058
4553984610274459776,262.30070874081383,18.92920432546943,0.6317766769068984,19.912918,1.7056332
4553984614572239488,262.3060981164596,18.925434721758975,0.2277996034226466,16.903229,0.8527546
4553984644634199296,262.3252797675956,18.93363552873485,0.6107662479011113,19.904974,1.4210529
4553984648929960064,262.3150401152868,18.937986133208565,-0.7809898954553631,20.795345,1.4071007
4553984648931976704,262.3189864004464,18.930517435452177,2.446816437172858,14.084829,1.108676
4553984648931977088,262.3181436269179,18.932297710929653,2.717429863517187,17.642176,2.669712
4553984648931977472,262.31982144822547,18.936791082244948,0.0981577907583569,16.56695,1.1314125
4552022742229772288,265.9929577451202,18.43037242904812,1.0576138387812082,20.486198,1.9986973
4552022742232647680,265.9907882296042,18.422168870651767,0.3611787952171512,19.202816,1.7681179
4552022742232648832,265.9882088768558,18.421977512256266,0.5344055792361727,19.260254,1.8619995
4552022742232649088,265.9933373342078,18.426837613926775,0.2693270661861613,17.885239,1.0324955
4552022772292792832,265.99877018804295,18.437204878705117,-2.7472832298813987,20.813723,1.3179932
4552022772292799104,266.00122668796064,18.439728522544037,0.3291176450067173,18.029804,0.9508667
4552022772292803584,265.99863673435857,18.44194623214743,0.06355451751088499,18.019283,0.9081402
4552022776592387072,266.00316302705687,18.434560737723256,0.732736461381094,20.42473,1.9957829
4552022776594397056,266.00270918969983,18.42879949647201,4.30199800304613,20.01407,2.3343124
4552022806652522368,266.02202631858546,18.428929772747306,0.3951490523236582,17.762794,0.9155464
4552022806652531968,266.025599356445,18.436635294491985,0.7142865341693164,19.771334,1.5376453
4552022806652538880,266.02151460425995,18.441546762276445,0.7889759659415156,18.138596,1.6985912
4552022810952115968,266.0270928924623,18.431576641151395,0.19927200862865058,16.528955,0.7813835
6029382193751418368,255.84058975758936,-30.007848421993547,-0.39882331040832714,19.88296,1.1063747
6029382193751418752,255.839526756915,-30.008548578765236,-0.4671437916823352,19.623583,1.3227177
6029382193751422336,255.8409804552288,-30.00716756373383,-0.2874438615898262,19.949297,1.3167839
6029382193751426432,255.84197106104224,-30.0060678346507,-0.27216197003890624,19.698338,1.3420029
6029382193751431680,255.84755916794703,-30.00140710082237,-0.11794929650248692,19.476837,1.288208
6029382193751431936,255.84703360644232,-30.002162331236384,0.48868735612412606,19.162212,1.2912846
6029382193751435264,255.84139974468084,-30.005948193046915,1.491843890912921,19.730108,1.5022087
6029382193751442304,255.83845143027455,-30.007597365000894,1.5892925215884754,19.946465,1.2641163
6029382193751444480,255.83770984493077,-30.00796725332438,-0.17676016873751985,19.186626,1.1526508
6029341443076518528,255.22781317830032,-30.483467594138595,0.473940439174039,18.80554,1.5322304
6029341443076518912,255.22563856980565,-30.484944540150387,0.021980200001510596,19.591312,1.2171574
6029341443076529152,255.2347606589484,-30.47731045249528,-0.3406118473906888,19.050005,1.1531296
6029341443076530816,255.2257328274618,-30.483533582007297,-2.5032240092329805,19.895185,1.5970402
6029341443076532224,255.2272297398362,-30.48230628864007,-0.13621707161911006,18.530272,1.57868
6029341443077806720,255.23206776048417,-30.493806263612328,0.47308853880575036,20.170063,1.2283573
6029341443077812480,255.24134073697527,-30.482209931698122,0.12114602180945552,20.066437,1.9733524
6029341443077821312,255.22636958816133,-30.48659119451082,0.8360807550785884,20.143156,1.1084595
6029341443077822976,255.22867474399854,-30.48443185047425,0.48343008147918687,19.891003,1.319107
6029341443079283456,255.23720537654347,-30.493671235239663,-1.0145397443794513,20.445778,1.3393593
4551518543133588096,268.9489228286256,19.005131055940133,-0.5044031352992655,19.215668,1.3433685
4551518543133594112,268.943257183848,19.00912632105364,0.2860123038050695,19.783028,1.3355827
4551518543136656768,268.9451492837579,19.013827978882233,0.3137469955321216,19.897013,1.4394379
4551518547433137920,268.9436378238966,19.01446190897526,0.3352012110860491,17.199598,0.8746033
4551518577493346176,268.95745501725827,19.017043399075636,0.0859984136569806,18.447449,0.92367935
4551518581790516352,268.95847272513015,19.011966920535528,-0.12896902367197752,20.711027,1.2477627
4551518581790519552,268.96079033845984,19.021481922747274,0.5949834285053226,20.339214,1.705677
4551518581792874880,268.9553244830662,19.017087453994574,0.36923973723612785,18.960484,1.4922276
4551518581792875776,268.95030178543647,19.016753218352093,0.5587885164570753,16.231337,0.96003723
4551518581792966144,268.96670040248546,19.017223141042884,0.528202637807321,17.299181,1.2207508
4551518611853073152,268.9319325026131,19.010266893059775,0.7235028184893001,19.680569,1.5843563
6029365082593447424,255.32916063537266,-30.1415851129304,-0.6049488592027964,17.908619,1.6490421
6029365082593454720,255.3217988082241,-30.1463772049058,0.44191620998256054,18.374043,1.7185745
6029365082593460096,255.32606524444262,-30.142889572567455,0.3586722914558197,17.08817,1.7637482
6029365082593460736,255.32948519992783,-30.14042154184347,0.8621519432603181,18.523766,1.7467632
4552680490701803776,266.87713007479863,20.34176550904025,-0.2221204299624026,20.79658,0.8654556
4552680490701807488,266.8765037439196,20.34508175578335,2.3323213267279033,20.819025,1.5369492
4552680490704098432,266.8654087859949,20.35072098207491,0.6867620867251483,15.849231,0.89835453
4552680520767001344,266.84554274053727,20.337385263296646,0.04556791760780669,20.008255,1.6819115
4552680520767002880,266.8431741665715,20.34001991451011,0.13143156601422562,19.353214,1.0689545
4552680525060974464,266.8425507933686,20.344292876669844,0.1880958333852465,20.37896,1.3813229
4552680559420712192,266.856902009725,20.356226140295696,2.7742608020957396,20.64197,1.353672
4552680559420717568,266.8541625888591,20.3576237831292,0.8076410602080519,20.086737,2.3062553
4552680559421300352,266.8488089950158,20.35378627050229,1.0500698239452302,19.968637,1.5174541
4552680559423582464,266.8546668660036,20.355038668875473,0.969537444240788,18.209332,0.97628593
4552680559423582848,266.85640865540887,20.35729247841005,0.25612842563779276,17.25842,0.96993256
4552680559423759744,266.84816903996847,20.35373926131339,0.24773035060886697,17.01977,0.98448944
4552680589486481152,266.87934530121294,20.34509643988798,-0.4589145523156134,20.103064,0.9545841
4552680589486484352,266.87506852768246,20.35586261040147,0.3000659293033681,19.299246,1.7023106
4554702419569568896,260.2711570541354,19.835775637000786,0.23283289749240543,12.798265,1.5996704
4554702423872002304,260.26411202342683,19.833650501103147,0.4714047959054558,16.384827,0.8233175
4554702423872376192,260.2736850595558,19.83979778435891,0.20825392736650794,16.383327,0.7930813
4554702453929598592,260.22153459919826,19.813388270641457,0.9172608304061018,20.567972,0.9267349
4554702453929603584,260.2234779990521,19.8154951467637,0.48769833506622934,20.145638,1.3467083
4554702458223701888,260.2221039296465,19.820747473209106,0.3403148803706648,20.50701,1.0268002
4554702458231749248,260.2265851317079,19.820511205833608,3.3234197665243497,20.805971,1.0959148
4554702488289354752,260.22978234269124,19.82357989495608,1.648249404563747,19.835207,2.1784992
4554702488289364992,260.23058101861375,19.83065178512721,1.0184690245000136,20.48005,0.8832321
4554702488289365760,260.23756656571703,19.830798118944056,0.36390901420623883,19.131264,2.2068443
4554702526943198592,260.2143765608311,19.827911244682635,0.9094304268313105,20.452116,1.9191113
4554702526945283840,260.20924013641746,19.829029740828766,-3.071687433888428,20.87771,1.0055504
4554702526951230592,260.2210614706618,19.82699815882726,1.684829885283575,20.272774,0.790226
389908126248497024,10.365368776059206,46.78200749050666,0.20769061593820642,19.44945,1.4388447
389908126248497792,10.36815626376201,46.782983023666596,-0.15915116040265043,18.864296,0.84711456
389908126248969728,10.370068684409887,46.782628257895425,0.3400075110280347,19.681646,2.2114487
389908130544099712,10.35487176839496,46.78371139752024,0.9339081943651302,20.603998,2.071228
389908160608236928,10.376101020765843,46.78356758538054,-0.31341473027285666,19.92757,1.3900414
389908160608251264,10.365984232456428,46.79470537567631,1.175397485604354,19.426123,2.665018
389908160608257024,10.356384931004934,46.79752437284235,0.33506755112660214,19.396355,0.6870899
389908160608258304,10.36007848470497,46.797680576702504,0.23568111096824568,18.58176,0.77160645
389908160608708352,10.36920154751844,46.79090261412031,1.598502714504434,19.84973,2.111
389908194967981440,10.344726910300745,46.78775961998968,0.11655200803343571,17.706352,1.081747
389908194967989888,10.343576425374374,46.79505065195849,-0.6983662715033214,20.160566,1.1608143
389908194967994752,10.34508993670865,46.79755376465587,-0.05131173423930829,18.728378,0.8280029
389908199263572224,10.335933378179272,46.79751821732168,0.3420813724726809,20.594635,1.1524944
389908199263573376,10.338295347933759,46.791261959757016,-1.8209314973472723,20.794563,1.2271767
4553118371216660992,267.24149196842455,21.678319065283105,-0.2233851784035389,20.386593,0.82069016
4553118371216666240,267.24000632217354,21.687566547397925,0.7220415314871377,19.012848,1.8389511
4553118371217252736,267.2385598050373,21.678897248780284,-0.10053554558770485,20.349573,1.3732605
4553118371217254016,267.24016718885315,21.68579312927538,0.26394839969036765,19.888138,1.3998432
4553118401272127104,267.22976156249143,21.68203270195065,0.6667806279971618,20.18978,1.227848
4553118401272128512,267.2248490199233,21.68273902329061,0.16293174240772879,19.113245,0.86538124
4553118405567266432,267.2147976987896,21.67850675754791,1.7915354241475094,20.625189,1.7374191
4553118405576406144,267.22257752833895,21.676170374560467,0.015775068258730887,18.029171,0.94833755
4553118405576408960,267.2244388115914,21.68492448946683,-0.009644913262557453,20.120508,0.76803017
4553118405576412544,267.2104897883869,21.68255441607289,-0.41667980807032046,20.407267,1.1863708
4553118435631871872,267.2310983660147,21.6900006875244,0.07557366066006714,19.963133,0.7899761
4553118435632065024,267.22795075127755,21.691771310692012,0.8786000877774948,19.632158,2.590208
4553118435634095104,267.23489825237465,21.691062660086043,-0.21539030662987624,20.547417,1.0226135
4553118439929351040,267.23329210958144,21.696805350767914,-0.623411689105136,20.76388,0.64663696
4552022841012280192,266.03800192935927,18.44278515354076,0.6099156187433585,20.793234,0.7044182
4552022841012286848,266.0440483616004,18.44550160524071,0.9174446170526581,18.980015,2.003849
4552022841018125312,266.02814302700665,18.44885518869351,-0.44801568241523865,20.472662,1.7138615
4552022875372027136,266.0156744726509,18.446927556368884,0.139003653135087,19.072395,1.0453911
4552022879671601024,266.01013322015683,18.437881355160545,0.6377025862442736,14.868926,0.890337
4552022879671605888,266.0097832366517,18.448455429388574,-0.25440808323508457,20.2143,0.8593769
4552022879671606656,266.0124752088852,18.45238553306678,0.336290316851663,18.18827,1.2330151
4552022909731772544,266.02330439131134,18.45094517049321,0.27804362746439143,19.955753,1.3963013
4552022909731774336,266.0287722445391,18.45264352322906,0.8629177918187841,20.159094,2.2001991
4552022909731784320,266.0228722204588,18.458862791280467,0.4051304478486906,18.882414,1.2555122
4552022909732675200,266.02389892763046,18.457796597274616,0.24671602305082066,18.339188,0.89471245
4552022914031344128,266.0192215142101,18.456679256051075,0.4095795763775229,16.03661,0.82511234
4552022914031345280,266.02373677646955,18.462883928453326,-0.052035132612336235,18.29484,0.9002819
6029420573617625600,255.04785018583758,-29.96850489433226,3.786428715259596,20.473671,1.4532413
6029420573617632256,255.0381679068385,-29.979064022540815,2.9104472719516705,20.441156,2.9684029
6029420573658425856,255.046054943201,-29.98483376178708,0.1924780259968097,17.357183,1.3433361
6029420573658427008,255.05340131800335,-29.978966021228025,-0.2609174683109203,19.282183,1.2451878
6029420573658429952,255.0473314645457,-29.981172353800094,0.18518754733367426,18.372368,1.2955685
6029420573658432000,255.04363842920574,-29.982768719704534,0.4093110413755183,17.698124,1.3527718
6029420573658436352,255.05077925524375,-29.975535236220814,0.3002571860304828,18.908966,1.2514706
6029382193751444608,255.8388949778843,-30.007107033920338,-1.9984347994733462,19.536274,1.3685322
6029382193751446400,255.84663837422033,-30.0013818774782,-0.41052682056951756,19.784437,1.3044701
6029382193751448576,255.84492257236838,-30.00343190729618,-0.22159293684415077,20.36236,1.5734024
6029382193751454464,255.84339155885232,-30.003070688176003,7.077441861928043,20.064524,2.450182
6029382193751461376,255.83747709681958,-30.006651969378932,-0.24282741469858515,19.48841,1.4992161
6029382193751462784,255.84696255929444,-29.99965289005416,0.21170052358541616,19.996212,1.5947399
6029382193751469440,255.8389969328031,-30.004827131537095,0.8851624058283176,20.052843,1.5910702
6029382193751470464,255.8378623379178,-30.005569556184863,0.08602259802834347,19.837263,1.3946056
6029382193751476992,255.8405094964895,-30.0031324407632,0.22605448283309132,19.251844,0.6721382
6029382193751477248,255.8361801994869,-30.00619625241024,-0.2553133897237093,19.830452,1.3891621
389908229327735168,10.348498106645641,46.79852723770158,0.1659146437975652,20.462246,1.6588478
389908229327737472,10.344199679411195,46.79969344741248,0.024928045047385036,18.833576,0.97875977
389908229327743488,10.337953075375381,46.80470058286957,0.060148933190211515,19.31298,1.3484821
389908229327749504,10.343777173454793,46.80895457911572,0.5231014297303945,16.338627,1.0647259
389908229327752320,10.339945746741895,46.81061266104516,0.8411203131062974,20.288353,0.88412094
389908233623309184,10.335993778103521,46.812308957488874,-0.3473945781015026,20.523434,1.4380932
389908233623312000,10.34605460343036,46.800847072066006,1.334120595231089,20.69089,1.8734264
389908263687444224,10.412978455417912,46.777626970740044,0.6919290330842198,19.352837,2.085806
389908263687449088,10.407839906595719,46.78036717046377,0.27954231983677363,18.16335,0.9005413
389908267983060224,10.415975302646372,46.782399454636504,1.8113861382169556,20.83939,1.882555
389908298047208192,10.417890728425265,46.79476279205834,0.2027731763413578,20.1585,1.0162067
389908298047209728,10.412345318731333,46.79629643387304,0.3653932822166717,19.751272,2.1878128
389908298047213696,10.413502618010817,46.79774317360344,0.6035959571357187,20.09822,1.3030624
4551518611853083136,268.9413127378424,19.015600660203003,0.4442268905414065,17.02764,0.9833374
4551518611853083520,268.93365396270207,19.016015993161027,1.000683907989476,18.463776,1.7315044
4551518611853089024,268.9398329267239,19.019014395825415,0.3675395651358739,17.773602,1.162714
4551518616149134336,268.938430038096,19.021432074448676,6.984402260086986,20.839773,1.8253574
4551518616152616448,268.93735748094684,19.017718199015725,0.2012473580089937,17.071333,0.97875404
4551518650512354560,268.94734384100826,19.025524563633795,0.06511271758114752,18.126118,0.90854645
4551518680572568704,268.9659779347322,19.020638331319017,0.2974904223272835,18.52979,0.8553028
4551518680572573952,268.9681625514913,19.022860291565017,0.3667522094987938,16.60402,0.75539017
4551518680572579456,268.96498961869645,19.025453699460527,0.274892556761593,16.62567,0.9698181
4551518680572580096,268.97691116514227,19.026096204657122,0.05160912685514489,17.898275,0.8999367
4551518680572583680,268.9711057678607,19.028325610454655,0.3959829227948417,19.07893,1.2229137
4551518680572589184,268.96838078425037,19.03203425566528,-1.1441556472916734,20.737764,0.76833916
4553984648931979904,262.31732330013546,18.941888554792573,0.8138905585077122,17.466887,1.5863686
4553984648931980032,262.3179759231539,18.94332167895656,0.3459782910821798,19.922436,0.695034
4553984678993936896,262.29896802478635,18.931658245384643,1.3329436538558441,20.238264,1.3107758
4553984678993939328,262.28941915604156,18.93891906105781,1.0433304080959096,19.717087,2.1535702
4553984678993939584,262.3001339953465,18.940136511494597,0.14129367500574783,20.018824,1.4617996
4553984678993939968,262.2946552284267,18.940460663648416,0.8289300489959301,18.772396,1.2261219
4553984678995152000,262.2955133364363,18.931556653294436,1.7805899131412222,18.371523,2.4872227
4553984683288884096,262.29967349911914,18.946155051535648,-7.997468422227017,20.311552,1.5598164
4553984683288884352,262.2985742703655,18.94559842026729,0.6188341868139686,20.440466,2.075512
4553984683289705216,262.29186684020004,18.94107382262285,-0.03840356553313378,20.871485,1.6159744
4553984683291720832,262.29589542121516,18.932810600821416,2.0090809177571085,17.181496,2.1420612
4553984683291721472,262.2939682487732,18.93253313716178,0.7056869682114213,16.51182,1.0754967
4553984717650045312,262.30644928555313,18.95106490339059,1.3532673155978507,20.781303,1.1661034
4554702526951231488,260.21449685642017,19.823695465538883,0.3989910800379078,16.395138,0.8190031
4554702557008864768,260.222708048451,19.846617041324897,0.7103689572791861,19.771624,1.5373306
4554702561302937472,260.21961125043094,19.833731880852653,-1.5528298718389348,20.684732,1.6117363
4554702561310972032,260.22884203431795,19.84074121807627,0.4079986311903166,17.46282,0.9094906
4554702561310974336,260.2248405145739,19.843585556635745,0.45618728257929625,17.309267,0.88329697
4554702561311538688,260.21634755389346,19.834789345029368,0.4675771265871672,20.877014,1.3944225
4554702591368584576,260.2379394837008,19.833884748189835,-0.21670534575590963,19.032375,0.82611275
4554702591368589312,260.25044205776294,19.83790438803099,0.04011842909826041,20.908627,0.61192894
4554702595672041728,260.2464602781577,19.844171170524813,-0.2880565209472089,20.001377,1.1484966
4554702625728329216,260.25560323114865,19.83821052479842,0.41916023980574835,18.395895,0.9495964
4554702625728331520,260.25649341774266,19.840487003494314,-0.17270177492863692,19.885149,0.8575916
4554702630023729920,260.2525242167301,19.84724858864569,-0.2083273133469427,20.763075,1.169424
4554702630030441472,260.2528267816859,19.845598967179065,0.3396536427044683,16.524813,0.8529434
6029397793086925184,255.52508392567506,-29.901652797488556,-0.2641848293045074,20.198751,1.2165661
6029397793086938752,255.52708281499596,-29.900161738983595,0.2336364699333099,18.712164,1.282795
6029397793086943744,255.51675736423454,-29.90401928521055,-2.5026531621948798,19.391195,1.1839504
6029397793086944640,255.52032185627044,-29.902565347819277,0.40386107815189887,20.286057,0.971365
6029397793086948224,255.5129157412869,-29.905341776764562,0.9198620245006942,20.324108,0.9154625
6029397793086953600,255.51465445324055,-29.904398374218413,0.03701916280476974,19.496786,1.2547779
6029397793086954112,255.51741978510145,-29.903248353658014,-1.7080057471328822,20.467943,0.17063141
6029397793086957952,255.51950169102537,-29.902270169265588,-1.5393648265736082,19.751404,1.3573399
6029365082593551104,255.32326116663006,-30.13573501037104,-1.008502145402446,18.807055,1.595892
6029365082593465216,255.32823444237127,-30.140875021843147,4.987758433409179,18.703358,1.7158985
6029365082593465472,255.31958436078315,-30.146476986330395,0.3934528263490909,17.15561,1.607749
6029365082593468544,255.32342390377852,-30.14412341783469,0.035253868374309806,18.45193,2.069994
6029365082593468672,255.32513743712605,-30.142816151175516,-0.5529882079148393,18.937063,1.5508404
6029365082593474944,255.32819014674368,-30.139811266961356,0.21709385715376758,19.280916,1.6018543
6029365082593475200,255.32885235746258,-30.139747170022098,-0.29361833131753073,18.632528,1.3931961
6029365082593477504,255.32337088969075,-30.143284066971244,0.09415633929614642,16.168432,1.4922743
6029341443079298816,255.23768987175993,-30.490061183183265,-2.9445709582714796,20.52739,1.0457344
6029341443079301120,255.2347152950667,-30.49063526176612,0.7270591754975264,20.460066,1.0733948
6029341443079305728,255.2449754972487,-30.48585227562642,0.9148451289421795,20.258064,1.417162
6029341443079306880,255.2407468929549,-30.48713380103984,-0.005221779376021196,20.371155,1.0224628
6029341443079307904,255.23422832699555,-30.489441347958678,-1.7362121786378504,20.434086,1.1687031
6029341443079310080,255.2400597817355,-30.486435210915502,0.8609177863677994,20.564104,1.5938988
6029341443079312384,255.24188254675113,-30.485623302313677,0.36257303195975704,20.52683,1.0132065
6029341443079317120,255.23656409267997,-30.486463327325914,1.2785245155551686,20.328508,1.3949184
6029341443079323264,255.23630665429127,-30.484865633529267,0.805879900570606,20.481638,1.2194519
6029341443079327488,255.22677007111272,-30.487611573295375,-1.5531591171830816,20.554298,1.7027168
6029341443079330816,255.2382224865626,-30.48274142369418,-0.624463810592998,20.076376,1.305088
4552022944091476480,265.97661897924553,18.430431046465813,2.0841935491507506,19.817154,2.1617184
4552022944091479296,265.9837522620703,18.43367135853323,0.695282475259514,19.35453,2.2367382
4552022944091496448,265.9775456043054,18.443850208617032,0.3622104270827439,18.525316,1.0071545
4552022948391085696,265.9797599729552,18.428637398403126,0.28893125862787483,16.823238,0.94254494
4552022978452272000,265.98966433540767,18.43813487207159,2.31781240687282,20.705774,1.794342
4552022978457004544,265.9806221446887,18.444548729933967,0.12561093893818645,19.492867,1.0709
4552022982747941888,265.984227414373,18.443458312368605,1.9868227418702304,20.64284,1.5019512
4552022982750824448,265.99298459115374,18.44081295308617,-0.429906699775936,19.877401,0.86450195
4552022982750831360,265.9808072213452,18.445943317713276,0.06870725516539956,19.861029,1.0652084
4552023012810967168,265.9687028138928,18.44121631307741,0.43318544946728893,19.467613,0.9295902
4552023012810974720,265.9674558268103,18.444182356623305,0.1404148607375966,17.339863,0.94921875
4552023012810981760,265.9743253038297,18.44515215405062,0.12813996007533224,18.35351,0.794508
4552023017110573568,265.97569302622475,18.44762998780757,0.7874217186943954,15.386316,0.89973164
4552680593780408576,266.88087160084655,20.350426740293816,0.7139749931183513,17.649427,1.6647224
4552680593783313024,266.8776191992185,20.360391232561707,1.999604674319574,14.318103,1.1334724
4552680628143044864,266.8946427720228,20.358733262801493,0.6122441025332963,14.435755,0.77386093
4552680628143045760,266.8937309448838,20.36020744855466,0.6722252091454561,14.637963,0.91418934
4552680628143046016,266.8908649799328,20.359394466802943,0.31376490986191735,14.0339575,1.2246733
4552680628144287360,266.8918816999768,20.36565687528637,2.0815168431536804,19.162899,2.7222843
4552680658205963136,266.8721272052015,20.36435951689748,0.9003638834342733,19.730408,2.5690346
4552680658205963648,266.86245246930446,20.36591123697463,0.30709019287730144,19.623446,1.1001339
4552680662499909376,266.87596547934425,20.363187767181678,-0.09436611019367429,20.893444,1.405693
4552680662499932544,266.8623644300482,20.364670935590247,0.9048108505664038,20.355045,2.0572033
4552680662502796800,266.87352772828035,20.36876183688574,0.4787492312917468,17.447897,1.1247234
4552680662502797184,266.86884875209347,20.36645288078993,0.36054588153337236,17.90615,1.227457
4552680662502797440,266.8721571286736,20.369669027396398,1.1963983556064963,16.592335,1.2009096
6029382193751477760,255.8428802746611,-30.001334616270363,1.4972218145602392,19.80807,2.256033
6029382193751486976,255.84531004496745,-29.99871603175273,-2.3746018166275733,20.34887,1.2030735
6029382193751492096,255.83895586946346,-30.00290370171529,0.4807535163804874,19.961151,1.3747749
6029382193751492480,255.83592050222674,-30.00500892828035,0.23655744834908918,19.919304,1.7732391
6029382193751495168,255.83992566160626,-30.001847562726333,0.6268680713490399,19.430117,1.4496136
6029382193751500416,255.84370907076288,-29.99862138393351,1.1081520403863212,18.884716,1.6349888
6029382193751501952,255.84096294425865,-30.000534526162905,0.6161328905317363,19.548298,1.5419312
6029382193751505408,255.84264084609572,-29.99880580938557,-0.32266192922829384,18.875471,1.2883339
6029382193751514112,255.84221669961724,-29.998413925296898,-0.16633656321280504,18.91885,1.1449871
6029420573658436480,255.04404538176445,-29.980083105602176,0.3741857198587531,17.112722,1.3410835
6029420573658444288,255.0432536259129,-29.976423812066972,0.1587924575665316,19.012661,1.334589
6029420573658447104,255.0440646580676,-29.973942954561362,0.30531280667142263,17.728146,1.3297882
6029420573658451200,255.0425785691305,-29.973540209393153,0.634687176166093,18.805927,1.5327244
6029420573658453888,255.04702416347064,-29.968966530261188,0.20842197434867693,16.656279,1.7237072
6029420573658789632,255.04333504261027,-29.983504435417196,-1.006938987998957,20.011837,1.4173698
6029420573658794624,255.04396750959754,-29.9770036554038,0.2781327860521891,20.093672,1.2578678
6029420573659055360,255.05241113866188,-29.98356563693928,-5.157748398874563,19.98334,1.1726036
6029420573659059840,255.04523207760286,-29.979265702207403,1.993383507653984,20.629221,1.2669334
4553118439936146560,267.2333857926236,21.69046607985243,0.31514207641362707,17.365763,0.9337578
4553118439936149376,267.23338655101946,21.698036938730457,0.3997702711484193,16.796772,0.9364567
4553118469991611904,267.2499818617388,21.691332817573585,-0.5633628669366846,20.346693,1.2252312
4553118474295876608,267.2528348854654,21.689745582458805,0.2402122045175282,18.399136,0.95048714
4553118474295881856,267.2506397396953,21.698766940303443,0.7653458619252201,15.119664,0.910223
4553118504351354880,267.26095308242225,21.696657146692562,-2.8940673840559543,20.410307,1.3438568
4553118504351361664,267.26504744882294,21.706268720971746,-0.6470529221858043,20.257595,1.1588345
4553118504351544832,267.26178628516857,21.710059562558016,1.2333369304549076,20.081444,1.7841263
4553118508655617792,267.2613001420978,21.701272794692795,2.29958075189126,16.062777,1.7735281
4553118538711094400,267.24334178169534,21.697906608524008,0.9985589618904777,19.5501,2.238369
4553118543006202112,267.24108789360804,21.694972620774546,1.334726391886064,20.692781,1.4974384
389908302344121728,10.42234063128814,46.79122643981757,0.5294497863928093,18.277004,1.8535652
389908336703856128,10.383907514282313,46.799109152090494,1.0636468150104135,14.504025,0.8398495
389908336703858304,10.379994351612359,46.7937851115262,0.5429199453992272,15.205363,0.8015499
389908336703859712,10.397992358546011,46.788822018389304,0.6046868986404661,17.48379,1.3489227
389908336703860480,10.39273855080235,46.78605940132104,0.663215833575872,17.45569,1.3745747
389908366766692992,10.398536859698599,46.800449165478916,1.257481122875217,19.485977,2.167656
389908371063594240,10.39505187983943,46.80143441893551,0.9959902271245165,19.652985,2.054325
389908401126450688,10.414352462322405,46.81408490361196,0.5656793297669425,19.288036,1.9474068
389908405423331968,10.414831914018821,46.80576754256287,-0.2904828629123304,20.418945,1.9232216
389908405423335296,10.426838859294481,46.798124419743054,1.0012331404215649,19.59095,1.9976978
389908405423335808,10.424095508379972,46.7952873677025,0.40980568810978896,16.10294,0.88836575
389908435486190208,10.421570841021813,46.81438464096511,0.46468158701712586,17.832731,1.2788563
389908469844727296,10.401532929022942,46.81048938886409,1.9763761052002893,12.5888405,0.84225464
4551518680572589312,268.9661026466466,19.031544965291257,0.4023573671305919,18.142647,0.9993
4551518684872182784,268.9733627917224,19.027061491513525,0.05512942275907201,18.913826,1.0826626
4551518684874327296,268.9718098969941,19.02394722726471,0.3647883758512018,18.484705,1.0358982
4551518714932333952,268.986836364983,19.034570770951962,0.12727801768672903,17.973276,0.91218567
4551518714932338944,268.97322732812165,19.03713983805671,0.9443386313570614,17.7515,1.4322948
4551518714932340864,268.9820333178709,19.03806514020557,0.8000618232738489,16.62501,1.1103725
4551518714932341376,268.97689892176544,19.03871897924021,0.08990574734832399,19.296862,1.0027199
4551518714932343680,268.9803267760029,19.039847811512203,0.36590868917329766,18.772087,0.9326439
4551518719229492608,268.97400833079257,19.037896873110316,0.8610717955969952,20.902273,1.192316
4551518719231922944,268.97745707360633,19.034386010815492,1.3793313014991468,16.612053,1.5714827
4551518749292060672,268.9556130891208,19.02833481247695,0.7609278789830216,19.272532,1.4873028
4551518749292068352,268.95203821534807,19.032996792671057,0.1054267623674157,18.691122,1.1715393
4551518749292079360,268.95670559040735,19.038636628286095,-1.3748280490315814,20.407766,1.3781796
4554702630030809984,260.25566189385694,19.856717324321995,0.8595625171229545,18.902874,1.8773746
4554702660088076800,260.23570800576545,19.845289349654355,0.46054407412236575,19.329077,1.7048054
4554702660088082176,260.2394946935184,19.848316778776187,0.17907649785289098,18.19023,1.0471249
4554702694447839488,260.240937098493,19.85954628728708,0.9035443530502145,17.7487,1.5891304
4554702698749923072,260.248285403003,19.85365548600879,0.6577178193665398,17.164082,1.1962948
4554702698749924736,260.24837713505076,19.85767899311892,0.21073124374215912,20.522146,0.6704006
4554702698749929344,260.2343906100428,19.85641857956292,-0.47240978066006056,19.749313,0.65533257
4554702733109606400,260.33876668505155,19.795113559092425,0.7774249898105472,17.474905,1.3372993
4554702797526692992,260.31854677718286,19.803083945569604,2.677831042674995,11.140126,0.840065
4554702801820947456,260.31590639503924,19.803766018054386,0.9496153916428635,18.449192,1.7809715
4554702801829095296,260.3164205170549,19.80689939652898,1.7413688039345718,18.74398,1.9030628
4552023047170729472,265.9880643046459,18.454242607065396,0.10492197673737008,20.160753,0.9607849
4552023047170736512,265.98525804230576,18.459054451007592,1.1441103247042956,20.493584,2.3491497
4552023051465737216,265.98192726583886,18.46101820192205,0.3205733324471621,20.275837,1.8761768
4552023051470310016,265.98178605788803,18.44972382247255,0.46501315311027464,19.29905,1.7379417
4552023081530460032,266.0034445758008,18.449132602383937,0.3753489732362416,20.490253,1.2791195
4552023081535129600,266.00037605454895,18.449406954093355,0.9557299640718722,20.775478,1.688715
4552023085830043264,265.9974724489659,18.451746150960815,0.09112759895211675,17.115458,0.92477417
4552023085830043904,266.0016032836165,18.45597870188735,0.22669169973428993,17.33703,0.89053726
4552023115890235264,266.01420980667257,18.471394210795808,0.28508932819267063,18.26191,0.9751606
4552023115896018816,266.0202129216031,18.464866386521287,0.8213001264450879,19.684647,1.4732056
4552023120189777408,266.01176498869427,18.456795357471442,1.2043249705048578,16.595102,1.5408354
4552023120189778432,266.01206268165754,18.457936827661197,0.5503179283230986,14.258151,0.8219652
4552023120189779072,266.0185029299261,18.46531256191862,1.3767454395060597,16.650845,1.6338234
6029365082593478016,255.3245224926884,-30.14205642561299,1.7889242262396625,17.016819,1.8180933
6029365082593491456,255.32213545328716,-30.142540783500678,3.7645863178339822,18.706778,1.7615318
6029365082593492224,255.3235697450974,-30.141933822594414,0.7651675022318729,19.515114,1.4400806
6029365082593492992,255.32465870049478,-30.141109943891472,0.8401903302244043,18.643267,1.5968342
4552680692565704064,266.8782811133187,20.37556584089723,0.3144971532709308,19.963446,1.4757385
4552680692565706240,266.88093825873653,20.38089472219003,0.010994351225614998,20.598059,0.83074
4552680696859662336,266.8807653383993,20.374779663268793,-0.12459040532131588,20.630802,1.5247765
4552680726925417856,266.791640370847,20.306552563850648,0.11234675399292951,19.184832,0.8572464
4552680726925418112,266.7943736842002,20.307422613657923,0.6936564151730292,19.975964,2.0683994
4552680726925420672,266.7880131896158,20.311438144001674,-0.45135881887179086,19.187572,0.8749428
4552680726925421952,266.7853268539616,20.31510396666388,0.011494378447553688,19.08213,0.73708916
4552680726925422208,266.7951855332261,20.316704017246398,0.3767745075070532,18.79096,1.269907
4552680726925424000,266.7929906771243,20.320229174141655,0.02645101698664866,19.65965,1.3038006
4552680726925526784,266.79578156681174,20.315623428057982,0.23213012296887392,19.610699,0.77733994
4552680731219424000,266.7885610352997,20.31211017859831,-0.8326657230850456,20.5327,1.1827888
4552680761285164928,266.80843093378263,20.32638073476424,0.15160875368901383,18.324942,0.8575764
4552680761285165952,266.8084572433082,20.328339097188145,0.536284131718334,18.514141,0.9421444
6029382193751515776,255.84352489466758,-29.995422662482692,0.5653360253808891,17.995462,1.3078117
6029382193751516416,255.84426397959774,-29.995935207839732,0.8969868741304894,17.845753,1.4642658
6029382193751516672,255.84458791899283,-29.996635857564716,0.16904551075160304,17.263851,1.8339119
6029382193751516928,255.8369885548846,-30.00205705369931,1.742968231518397,20.13232,1.3901901
6029382193751521664,255.83287454591525,-30.004466784032438,0.5750305522817177,19.096144,1.8836651
6029382193751532416,255.8355817539829,-30.00170885837194,-0.1044184259498874,19.644312,1.3741245
6029382193751536000,255.83950092659467,-29.99855828105905,0.124473678474734,19.525486,1.3706875
6029382193751538432,255.83829730747527,-29.999017244956132,0.08483196194987389,16.30259,1.8992233
6029382193751538560,255.83647460821498,-30.000282009477356,-0.37082590973853746,19.400309,1.405096
6029382193751541120,255.83470483940954,-30.001279242474517,1.2784742951439108,20.014399,1.3372192
6029382193751550848,255.8335727191915,-30.00117045724949,0.13524582330174212,19.999247,1.5956078
6029420573659061120,255.04473325671773,-29.976693303175175,1.0906654677967749,20.530998,1.3679352
6029420573679636864,255.0532546038933,-29.981750772459186,0.6782453255605023,19.723803,1.2774754
6029420573679637632,255.04865432943282,-29.98757938353456,-2.1171440055084307,19.327143,1.6880951
6029420573679655936,255.05504998151633,-29.97882469228969,-0.2789409455775255,19.82717,1.1566505
6029420573679797632,255.04686676780526,-29.978435609782057,0.8094579768713434,19.953089,1.2035294
6029420603620065664,255.05646596442483,-29.969236055310304,0.10574282130237854,15.795193,1.4971294
6029420603620065792,255.0534584917088,-29.967428980229265,-3.1804362341678942,19.90308,1.2882404
6029420603620075008,255.06431370846758,-29.971881984621305,0.05142651122240199,18.704948,1.525711
6029420603620081536,255.0515493927519,-29.964472724772666,-0.06467229377139455,18.41715,1.187252
6029420603620100736,255.0632537117406,-29.964360092748784,0.33426791146718426,17.072975,1.2295971
6029420603625667840,255.0574860294747,-29.970230789063333,0.16602878212221803,18.420479,1.5385685
6029420603625668992,255.06356921671033,-29.962294128538524,1.0385140993897186,19.494429,2.4580212
4553984717651457536,262.31231208095664,18.941130269298547,1.2294522276811395,12.94634,0.7515383
4553984747714732800,262.22230731183936,18.8826383431053,0.5354972350978321,16.61367,1.0191231
4553984747714732928,262.21532588310157,18.88460246278305,0.22228291429784708,17.335043,0.8768978
4553984752008362368,262.2212607807627,18.88044167813902,0.7200436741182437,20.380688,1.3897552
4553984752008368128,262.21679478830333,18.883281427561812,-0.23515579309531673,20.84416,0.12966156
4553984752011202944,262.2260153869222,18.893073723743964,0.6928385095732023,17.803383,1.4185696
4553984782073141248,262.2356635232003,18.89593076844733,-0.05729343185260914,19.598806,0.7807312
4553984782073142912,262.23772735369585,18.90217454818053,0.3983995426468981,18.570524,1.2598095
4553984782073143552,262.23185395699556,18.90398892610434,-0.02762243228194823,19.321451,1.0176258
4553984782075868032,262.2255940510842,18.899807859398642,1.7583210486280987,18.190546,2.2837276
4553984786368925440,262.23637650267926,18.903348393661684,-2.061250643114175,20.875227,0.72257996
4553984816434209920,262.2042930535982,18.89457833639367,-1.9510650871306517E-4,19.380865,1.1099815
389908469845925120,10.394669090009543,46.81270573800676,0.9630751859320266,20.131361,0.82715416
389908474142806272,10.405206271239765,46.818314172807895,1.2626345825088903,16.003334,1.3358727
389908474142807040,10.407384499884152,46.81463827271554,0.6592330585210657,17.245031,0.93907356
389908474142807680,10.406282600107785,46.81168347455363,0.46857378780240205,18.26828,1.3157616
389908504205676160,10.402021710126201,46.82252577784514,0.4065642714578628,18.633219,1.1425247
389908504205681664,10.40082028425768,46.82850453662294,2.263843405930363,18.578318,2.5792332
389908504205685888,10.395383397528764,46.83123023879364,0.688477661428344,19.19372,1.678009
389908504205991808,10.399755993326787,46.83157334737904,1.1684504335018835,20.104519,2.3488693
389908538565831296,10.37092662522443,46.80358562517022,1.325347846325676,20.167385,2.0851994
389908542861279616,10.364897213876853,46.809420777660975,-0.9270855180472533,20.241997,1.8764057
389908572925142272,10.37131879674509,46.81449108212487,-0.16769651541956038,19.54824,0.8474617
389908572925157632,10.365996914418346,46.828143226089075,0.7720995670844881,19.639301,1.5073547
389908577219400448,10.381843869198322,46.807451759612356,1.5866694383489892,20.630867,1.532198
389908577222019712,10.366786493262829,46.824457102697565,0.5844066133695165,15.374607,0.9056215
6029341443079331200,255.22569416984408,-30.48744601777336,1.247508644600949,20.205568,1.119976
6029341443079333120,255.2344048140826,-30.48369791641124,1.1352203115689854,20.33895,1.3587208
6029341443079337600,255.22438082219728,-30.486615752753483,0.5516658248704212,20.606588,1.419363
6029341443079348992,255.22969108377015,-30.482085819957568,0.6502321018992692,20.424019,1.3632545
6029341443079353984,255.2364683355395,-30.478048572071607,1.7144679091714456,20.301888,1.5213013
6029341443079355904,255.22835884464286,-30.480971490669656,1.9751323374773513,20.383327,1.6698532
6029341443079364864,255.23316954211344,-30.476920989820233,1.1966290720568002,20.203066,1.5061817
6029341443079772928,255.24037212368634,-30.484662666910396,-1.9047953718309945,20.26373,1.4084797
4551518783651829632,268.9603692908832,19.04576494987738,-0.9947236430501205,20.578373,0.64793015
4551518787948969216,268.9689783294943,19.042027967359623,2.5974528798969017,20.714132,1.2773285
4551518818011522304,268.92198509412384,19.021467441687225,2.651671577136047,20.844694,1.6223679
4551518818011526784,268.9248080922232,19.0229545390849,0.28152613248093217,17.573526,0.9137325
4551518818011534848,268.9139027067845,19.02744452297117,0.2768727738686083,18.91508,1.4477406
4551518818011545856,268.92436422079135,19.03302076551759,0.615568089621162,17.887297,1.4483128
4551518822313176320,268.92625597146844,19.033397502464734,0.347909394544012,19.736887,2.0235348
4551518856668424704,268.93260370985223,19.039017356761413,-2.7910400927235197,20.731297,1.1674786
4551518856668425856,268.94001675143824,19.037827719840703,0.18769882332930718,20.673174,1.4368973
4551518856670788096,268.94173225008115,19.036483017047974,0.41746144159095194,15.704595,1.0055285
4554702801829096064,260.3142384740518,19.80635745369462,0.3483920757121885,19.253912,0.7168999
4554702831886720256,260.3277327910767,19.814403305941514,0.6429465987533276,18.892567,0.8619766
4554702831886736768,260.3343207607541,19.82392835100975,0.92764794021638,19.021858,2.0200214
4554702836182939392,260.32823436254733,19.816451090166936,1.892658428861864,20.808447,1.2761555
4554702836188832384,260.3331068000175,19.818783827162772,1.5144795285925439,13.049294,0.67849827
4554702866246456704,260.353245434409,19.81320841759549,-0.04702398999045125,19.032986,0.9651642
4554702870540391552,260.35632643431296,19.81914423182993,0.20193400191546534,20.251293,1.1576958
4554702870548563456,260.35471312992456,19.819365886167745,0.9186581647679177,16.929918,1.5423985
4554702870548563968,260.3554327967991,19.822076078278197,0.30848753641794363,16.814974,0.913887
4554702870548565376,260.3514818408529,19.821435328873658,0.19718836813248128,17.373634,0.80236626
4554702904900132864,260.366733147995,19.831139264258375,-0.025637881096309593,18.096998,0.8756714
4554702904908300416,260.37220742254306,19.83087066786972,0.6270400680988875,20.292099,1.9673672
4552023120189779200,266.0146153465197,18.461929048636502,0.6735414168452551,18.022995,1.4683971
4552023120189781248,266.01669489058065,18.46795017683069,0.43873644349805935,18.015945,0.87486076
4552023120189783680,266.0080427727139,18.466640609181002,-0.18537294967014198,19.096083,1.3304424
4552023120189783808,266.00573938091253,18.464904190449946,0.40913588429823433,19.543657,1.1080418
4552023120189785216,266.0049260470829,18.468041046729194,1.1953331849929865,15.574381,1.1175756
4552023150249967616,265.9818793243151,18.46756793029631,0.3130635814577025,20.438173,1.2267876
4552023150250927488,265.99503437829514,18.460997748533522,-0.6442950344210496,20.939003,1.4869442
4552023154549530624,265.99114225874206,18.4704486718144,-0.027882828979360737,18.249008,0.7961235
4552023184609715968,266.0056905409878,18.470925453095695,0.555004000018617,18.646852,1.2296543
4552023184609716096,266.00573383101533,18.473429462118908,0.945180433123014,19.412546,1.2511158
4552023184609721216,266.00694373836063,18.47687944824376,-0.24941783649287852,19.103945,1.1891861
4552023184609727616,266.0058116015812,18.480386155015864,0.25348423611891374,19.014017,0.89647484
4552023184618103424,266.00497782389317,18.473951774253344,0.041297828460654606,19.254274,1.0736561
4552680765582019200,266.8019821720593,20.322114366067048,0.6585033596439336,17.117785,1.173502
4552680795644903424,266.78871964443596,20.326750028622776,-0.16640416512444617,20.474699,0.9127464
4552680830004645376,266.80221694942094,20.333803746376002,0.7897926661955675,20.26959,1.0880184
4552680830004646272,266.79824726776144,20.334825740911324,0.051543991549984604,18.047941,1.0736618
4552680830004647680,266.7927713949293,20.33861574734321,0.9674106224856279,19.259476,1.4756165
4552680830004648960,266.7943542606885,20.340698057264817,0.22408140496655943,18.40541,1.0046101
4552680834301501696,266.7968664977073,20.329890888960367,0.2928317125530684,16.366451,0.926157
4552680834301507584,266.7960677705838,20.338058233227503,0.2731323433764019,17.854437,0.91295624
4552680864364384128,266.81684961816535,20.334395960906694,0.775944513313084,18.819168,1.8755836
4552680864364386816,266.81174675999966,20.340076104221236,0.3070843158646284,18.616005,1.3015785
4552680864364480768,266.8168348076537,20.327506035784225,1.5590889358647235,20.06474,1.7636051
4552680868658384512,266.8079767585182,20.33661978950321,2.4067500070819063,20.312841,1.8178501
4552680868661238272,266.8151066104335,20.34173636476809,0.4374100019585726,17.262724,1.1751003
6029382193751554432,255.83102650582464,-30.002747198672537,0.45275317309394647,19.91628,1.542923
6029382193751565568,255.8423992498418,-29.993608396216562,0.26456900539939626,19.852802,1.3994045
6029382193751572096,255.83624525311816,-29.997502487053577,1.3592051804093344,19.956194,1.7371941
6029382193751573760,255.83442514957514,-29.998638951783697,-0.0772425397750385,18.868334,1.638237
6029382193751588224,255.8308768747772,-29.99973067354139,0.2762503287173096,19.586422,1.484108
6029382193751593856,255.83931127842547,-29.993103534839122,-0.5509463054067333,18.78396,1.5790176
6029382193751595136,255.83809968655143,-29.993821693527245,0.412867334152158,19.021128,1.7950382
4553118543007181568,267.2403097080245,21.70980273982687,0.510965975112599,20.9097,1.3827915
4553118543015360256,267.24798455205496,21.699291179090636,-0.0034136454069372824,19.077578,1.3672886
4553118543015360384,267.2511439494598,21.70244115078266,0.4919248634515895,17.564583,1.1037083
4553118543015360640,267.24614231354997,21.699381401222908,0.34885193349656995,19.318205,0.87745476
4553118543015363200,267.23816546914213,21.69831537908165,0.317584864970132,16.202784,1.3310165
4553118543015364864,267.24131617049045,21.7051702144876,0.5396791174208576,17.527363,1.1801987
4553118573070841344,267.25780843181997,21.71098699281748,0.24088998971660008,19.69078,1.3491077
4553118573070841856,267.25985664921035,21.711711545192355,0.2516289501189054,19.870598,1.3775444
4553118573070846592,267.2518930379105,21.72037730714228,-0.13162364401755342,19.495255,0.7912941
4553118577365949184,267.2536876054743,21.70929227904364,0.43488072202955674,18.469572,1.6752491
4553118577375099904,267.25444270587997,21.708299280850976,0.164031496126854,14.905522,1.314518
